start_time,away_team,away_team_score,home_team,home_team_score
2023-10-24 23:30:00+00:00,LOS ANGELES LAKERS,107,DENVER NUGGETS,119
2023-10-25 02:00:00+00:00,PHOENIX SUNS,108,GOLDEN STATE WARRIORS,104
2023-10-25 23:00:00+00:00,HOUSTON ROCKETS,86,ORLANDO MAGIC,116
2023-10-25 23:00:00+00:00,BOSTON CELTICS,108,NEW YORK KNICKS,104
2023-10-25 23:00:00+00:00,WASHINGTON WIZARDS,120,INDIANA PACERS,143
2023-10-25 23:00:00+00:00,ATLANTA HAWKS,110,CHARLOTTE HORNETS,116
2023-10-25 23:30:00+00:00,DETROIT PISTONS,102,MIAMI HEAT,103
2023-10-25 23:30:00+00:00,MINNESOTA TIMBERWOLVES,94,TORONTO RAPTORS,97
2023-10-25 23:30:00+00:00,CLEVELAND CAVALIERS,114,BROOKLYN NETS,113
2023-10-26 00:00:00+00:00,NEW ORLEANS PELICANS,111,MEMPHIS GRIZZLIES,104
2023-10-26 00:00:00+00:00,OKLAHOMA CITY THUNDER,124,CHICAGO BULLS,104
2023-10-26 01:00:00+00:00,SACRAMENTO KINGS,130,UTAH JAZZ,114
2023-10-26 01:30:00+00:00,DALLAS MAVERICKS,126,SAN ANTONIO SPURS,119
2023-10-26 02:30:00+00:00,PORTLAND TRAIL BLAZERS,111,LOS ANGELES CLIPPERS,123
2023-10-26 23:30:00+00:00,PHILADELPHIA 76ERS,117,MILWAUKEE BUCKS,118
2023-10-27 02:00:00+00:00,PHOENIX SUNS,95,LOS ANGELES LAKERS,100
2023-10-27 23:00:00+00:00,DENVER NUGGETS,108,MEMPHIS GRIZZLIES,104
2023-10-27 23:00:00+00:00,DETROIT PISTONS,111,CHARLOTTE HORNETS,99
2023-10-27 23:30:00+00:00,NEW YORK KNICKS,126,ATLANTA HAWKS,120
2023-10-27 23:30:00+00:00,OKLAHOMA CITY THUNDER,108,CLEVELAND CAVALIERS,105
2023-10-27 23:30:00+00:00,MIAMI HEAT,111,BOSTON CELTICS,119
2023-10-28 00:00:00+00:00,TORONTO RAPTORS,103,CHICAGO BULLS,104
2023-10-28 00:00:00+00:00,HOUSTON ROCKETS,122,SAN ANTONIO SPURS,126
2023-10-28 00:30:00+00:00,BROOKLYN NETS,120,DALLAS MAVERICKS,125
2023-10-28 01:30:00+00:00,LOS ANGELES CLIPPERS,118,UTAH JAZZ,120
2023-10-28 02:00:00+00:00,ORLANDO MAGIC,102,PORTLAND TRAIL BLAZERS,97
2023-10-28 02:00:00+00:00,GOLDEN STATE WARRIORS,122,SACRAMENTO KINGS,114
2023-10-28 23:00:00+00:00,CHICAGO BULLS,102,DETROIT PISTONS,118
2023-10-28 23:00:00+00:00,MEMPHIS GRIZZLIES,106,WASHINGTON WIZARDS,113
2023-10-28 23:00:00+00:00,NEW YORK KNICKS,87,NEW ORLEANS PELICANS,96
2023-10-28 23:30:00+00:00,INDIANA PACERS,125,CLEVELAND CAVALIERS,113
2023-10-28 23:30:00+00:00,PHILADELPHIA 76ERS,114,TORONTO RAPTORS,107
2023-10-29 00:00:00+00:00,MIAMI HEAT,90,MINNESOTA TIMBERWOLVES,106
2023-10-29 02:00:00+00:00,UTAH JAZZ,104,PHOENIX SUNS,126
2023-10-29 19:30:00+00:00,DENVER NUGGETS,128,OKLAHOMA CITY THUNDER,95
2023-10-29 23:00:00+00:00,GOLDEN STATE WARRIORS,106,HOUSTON ROCKETS,95
2023-10-29 23:00:00+00:00,ATLANTA HAWKS,127,MILWAUKEE BUCKS,110
2023-10-29 23:30:00+00:00,PORTLAND TRAIL BLAZERS,98,PHILADELPHIA 76ERS,126
2023-10-30 01:00:00+00:00,SAN ANTONIO SPURS,83,LOS ANGELES CLIPPERS,123
2023-10-30 01:00:00+00:00,LOS ANGELES LAKERS,127,SACRAMENTO KINGS,132
2023-10-30 23:00:00+00:00,CHICAGO BULLS,112,INDIANA PACERS,105
2023-10-30 23:00:00+00:00,BOSTON CELTICS,126,WASHINGTON WIZARDS,107
2023-10-30 23:00:00+00:00,BROOKLYN NETS,133,CHARLOTTE HORNETS,121
2023-10-30 23:30:00+00:00,PORTLAND TRAIL BLAZERS,99,TORONTO RAPTORS,91
2023-10-30 23:30:00+00:00,MINNESOTA TIMBERWOLVES,113,ATLANTA HAWKS,127
2023-10-31 00:00:00+00:00,DALLAS MAVERICKS,125,MEMPHIS GRIZZLIES,110
2023-10-31 00:00:00+00:00,MIAMI HEAT,114,MILWAUKEE BUCKS,122
2023-10-31 00:00:00+00:00,GOLDEN STATE WARRIORS,130,NEW ORLEANS PELICANS,102
2023-10-31 00:00:00+00:00,DETROIT PISTONS,112,OKLAHOMA CITY THUNDER,124
2023-10-31 01:00:00+00:00,UTAH JAZZ,102,DENVER NUGGETS,110
2023-10-31 02:30:00+00:00,ORLANDO MAGIC,103,LOS ANGELES LAKERS,106
2023-10-31 23:30:00+00:00,NEW YORK KNICKS,109,CLEVELAND CAVALIERS,91
2023-11-01 02:00:00+00:00,SAN ANTONIO SPURS,115,PHOENIX SUNS,114
2023-11-01 02:30:00+00:00,ORLANDO MAGIC,102,LOS ANGELES CLIPPERS,118
2023-10-24 23:30:00+00:00,LOS ANGELES LAKERS,107,DENVER NUGGETS,119
2023-10-25 02:00:00+00:00,PHOENIX SUNS,108,GOLDEN STATE WARRIORS,104
2023-10-25 23:00:00+00:00,HOUSTON ROCKETS,86,ORLANDO MAGIC,116
2023-10-25 23:00:00+00:00,BOSTON CELTICS,108,NEW YORK KNICKS,104
2023-10-25 23:00:00+00:00,WASHINGTON WIZARDS,120,INDIANA PACERS,143
2023-10-25 23:00:00+00:00,ATLANTA HAWKS,110,CHARLOTTE HORNETS,116
2023-10-25 23:30:00+00:00,DETROIT PISTONS,102,MIAMI HEAT,103
2023-10-25 23:30:00+00:00,MINNESOTA TIMBERWOLVES,94,TORONTO RAPTORS,97
2023-10-25 23:30:00+00:00,CLEVELAND CAVALIERS,114,BROOKLYN NETS,113
2023-10-26 00:00:00+00:00,NEW ORLEANS PELICANS,111,MEMPHIS GRIZZLIES,104
2023-10-26 00:00:00+00:00,OKLAHOMA CITY THUNDER,124,CHICAGO BULLS,104
2023-10-26 01:00:00+00:00,SACRAMENTO KINGS,130,UTAH JAZZ,114
2023-10-26 01:30:00+00:00,DALLAS MAVERICKS,126,SAN ANTONIO SPURS,119
2023-10-26 02:30:00+00:00,PORTLAND TRAIL BLAZERS,111,LOS ANGELES CLIPPERS,123
2023-10-26 23:30:00+00:00,PHILADELPHIA 76ERS,117,MILWAUKEE BUCKS,118
2023-10-27 02:00:00+00:00,PHOENIX SUNS,95,LOS ANGELES LAKERS,100
2023-10-27 23:00:00+00:00,DENVER NUGGETS,108,MEMPHIS GRIZZLIES,104
2023-10-27 23:00:00+00:00,DETROIT PISTONS,111,CHARLOTTE HORNETS,99
2023-10-27 23:30:00+00:00,NEW YORK KNICKS,126,ATLANTA HAWKS,120
2023-10-27 23:30:00+00:00,OKLAHOMA CITY THUNDER,108,CLEVELAND CAVALIERS,105
2023-10-27 23:30:00+00:00,MIAMI HEAT,111,BOSTON CELTICS,119
2023-10-28 00:00:00+00:00,TORONTO RAPTORS,103,CHICAGO BULLS,104
2023-10-28 00:00:00+00:00,HOUSTON ROCKETS,122,SAN ANTONIO SPURS,126
2023-10-28 00:30:00+00:00,BROOKLYN NETS,120,DALLAS MAVERICKS,125
2023-10-28 01:30:00+00:00,LOS ANGELES CLIPPERS,118,UTAH JAZZ,120
2023-10-28 02:00:00+00:00,ORLANDO MAGIC,102,PORTLAND TRAIL BLAZERS,97
2023-10-28 02:00:00+00:00,GOLDEN STATE WARRIORS,122,SACRAMENTO KINGS,114
2023-10-28 23:00:00+00:00,CHICAGO BULLS,102,DETROIT PISTONS,118
2023-10-28 23:00:00+00:00,MEMPHIS GRIZZLIES,106,WASHINGTON WIZARDS,113
2023-10-28 23:00:00+00:00,NEW YORK KNICKS,87,NEW ORLEANS PELICANS,96
2023-10-28 23:30:00+00:00,INDIANA PACERS,125,CLEVELAND CAVALIERS,113
2023-10-28 23:30:00+00:00,PHILADELPHIA 76ERS,114,TORONTO RAPTORS,107
2023-10-29 00:00:00+00:00,MIAMI HEAT,90,MINNESOTA TIMBERWOLVES,106
2023-10-29 02:00:00+00:00,UTAH JAZZ,104,PHOENIX SUNS,126
2023-10-29 19:30:00+00:00,DENVER NUGGETS,128,OKLAHOMA CITY THUNDER,95
2023-10-29 23:00:00+00:00,GOLDEN STATE WARRIORS,106,HOUSTON ROCKETS,95
2023-10-29 23:00:00+00:00,ATLANTA HAWKS,127,MILWAUKEE BUCKS,110
2023-10-29 23:30:00+00:00,PORTLAND TRAIL BLAZERS,98,PHILADELPHIA 76ERS,126
2023-10-30 01:00:00+00:00,SAN ANTONIO SPURS,83,LOS ANGELES CLIPPERS,123
2023-10-30 01:00:00+00:00,LOS ANGELES LAKERS,127,SACRAMENTO KINGS,132
2023-10-30 23:00:00+00:00,CHICAGO BULLS,112,INDIANA PACERS,105
2023-10-30 23:00:00+00:00,BOSTON CELTICS,126,WASHINGTON WIZARDS,107
2023-10-30 23:00:00+00:00,BROOKLYN NETS,133,CHARLOTTE HORNETS,121
2023-10-30 23:30:00+00:00,PORTLAND TRAIL BLAZERS,99,TORONTO RAPTORS,91
2023-10-30 23:30:00+00:00,MINNESOTA TIMBERWOLVES,113,ATLANTA HAWKS,127
2023-10-31 00:00:00+00:00,DALLAS MAVERICKS,125,MEMPHIS GRIZZLIES,110
2023-10-31 00:00:00+00:00,MIAMI HEAT,114,MILWAUKEE BUCKS,122
2023-10-31 00:00:00+00:00,GOLDEN STATE WARRIORS,130,NEW ORLEANS PELICANS,102
2023-10-31 00:00:00+00:00,DETROIT PISTONS,112,OKLAHOMA CITY THUNDER,124
2023-10-31 01:00:00+00:00,UTAH JAZZ,102,DENVER NUGGETS,110
2023-10-31 02:30:00+00:00,ORLANDO MAGIC,103,LOS ANGELES LAKERS,106
2023-10-31 23:30:00+00:00,NEW YORK KNICKS,109,CLEVELAND CAVALIERS,91
2023-11-01 02:00:00+00:00,SAN ANTONIO SPURS,115,PHOENIX SUNS,114
2023-11-01 02:30:00+00:00,ORLANDO MAGIC,102,LOS ANGELES CLIPPERS,118
2023-11-01 23:00:00+00:00,PORTLAND TRAIL BLAZERS,110,DETROIT PISTONS,101
2023-11-01 23:00:00+00:00,MILWAUKEE BUCKS,111,TORONTO RAPTORS,130
2023-11-01 23:30:00+00:00,WASHINGTON WIZARDS,121,ATLANTA HAWKS,130
2023-11-01 23:30:00+00:00,INDIANA PACERS,104,BOSTON CELTICS,155
2023-11-01 23:30:00+00:00,BROOKLYN NETS,109,MIAMI HEAT,105
2023-11-01 23:30:00+00:00,CLEVELAND CAVALIERS,95,NEW YORK KNICKS,89
2023-11-01 23:30:00+00:00,NEW ORLEANS PELICANS,110,OKLAHOMA CITY THUNDER,106
2023-11-02 00:00:00+00:00,CHARLOTTE HORNETS,119,HOUSTON ROCKETS,128
2023-11-02 00:00:00+00:00,DENVER NUGGETS,89,MINNESOTA TIMBERWOLVES,110
2023-11-02 00:30:00+00:00,CHICAGO BULLS,105,DALLAS MAVERICKS,114
2023-11-02 01:00:00+00:00,MEMPHIS GRIZZLIES,109,UTAH JAZZ,133
2023-11-02 02:00:00+00:00,SACRAMENTO KINGS,101,GOLDEN STATE WARRIORS,102
2023-11-02 02:00:00+00:00,LOS ANGELES CLIPPERS,125,LOS ANGELES LAKERS,130
2023-11-02 23:00:00+00:00,TORONTO RAPTORS,99,PHILADELPHIA 76ERS,114
2023-11-03 00:00:00+00:00,DETROIT PISTONS,116,NEW ORLEANS PELICANS,125
2023-11-03 01:00:00+00:00,ORLANDO MAGIC,115,UTAH JAZZ,113
2023-11-03 02:00:00+00:00,SAN ANTONIO SPURS,132,PHOENIX SUNS,121
2023-11-03 23:00:00+00:00,CLEVELAND CAVALIERS,116,INDIANA PACERS,121
2023-11-03 23:30:00+00:00,NEW YORK KNICKS,105,MILWAUKEE BUCKS,110
2023-11-04 00:00:00+00:00,BROOKLYN NETS,109,CHICAGO BULLS,107
2023-11-04 00:00:00+00:00,WASHINGTON WIZARDS,114,MIAMI HEAT,121
2023-11-04 00:00:00+00:00,GOLDEN STATE WARRIORS,141,OKLAHOMA CITY THUNDER,139
2023-11-04 02:00:00+00:00,DALLAS MAVERICKS,114,DENVER NUGGETS,125
2023-11-04 02:00:00+00:00,MEMPHIS GRIZZLIES,113,PORTLAND TRAIL BLAZERS,115
2023-11-04 17:00:00+00:00,PHOENIX SUNS,100,PHILADELPHIA 76ERS,112
2023-11-04 23:00:00+00:00,CHARLOTTE HORNETS,125,INDIANA PACERS,124
2023-11-04 23:00:00+00:00,ATLANTA HAWKS,123,NEW ORLEANS PELICANS,105
2023-11-04 23:00:00+00:00,LOS ANGELES LAKERS,101,ORLANDO MAGIC,120
2023-11-05 00:00:00+00:00,BOSTON CELTICS,124,BROOKLYN NETS,114
2023-11-05 00:00:00+00:00,SACRAMENTO KINGS,89,HOUSTON ROCKETS,107
2023-11-05 00:00:00+00:00,UTAH JAZZ,95,MINNESOTA TIMBERWOLVES,123
2023-11-05 01:00:00+00:00,CHICAGO BULLS,101,DENVER NUGGETS,123
2023-11-05 20:00:00+00:00,PHOENIX SUNS,120,DETROIT PISTONS,106
2023-11-05 20:30:00+00:00,TORONTO RAPTORS,123,SAN ANTONIO SPURS,116
2023-11-05 23:00:00+00:00,GOLDEN STATE WARRIORS,104,CLEVELAND CAVALIERS,115
2023-11-06 00:30:00+00:00,CHARLOTTE HORNETS,118,DALLAS MAVERICKS,124
2023-11-06 02:00:00+00:00,MEMPHIS GRIZZLIES,112,PORTLAND TRAIL BLAZERS,100
2023-11-07 00:00:00+00:00,GOLDEN STATE WARRIORS,120,DETROIT PISTONS,109
2023-11-07 00:00:00+00:00,SAN ANTONIO SPURS,111,INDIANA PACERS,152
2023-11-07 00:00:00+00:00,DALLAS MAVERICKS,117,ORLANDO MAGIC,102
2023-11-07 00:00:00+00:00,WASHINGTON WIZARDS,128,PHILADELPHIA 76ERS,146
2023-11-07 00:30:00+00:00,MILWAUKEE BUCKS,129,BROOKLYN NETS,125
2023-11-07 00:30:00+00:00,LOS ANGELES LAKERS,107,MIAMI HEAT,108
2023-11-07 00:30:00+00:00,LOS ANGELES CLIPPERS,97,NEW YORK KNICKS,111
2023-11-07 01:00:00+00:00,UTAH JAZZ,113,CHICAGO BULLS,130
2023-11-07 01:00:00+00:00,SACRAMENTO KINGS,97,HOUSTON ROCKETS,122
2023-11-07 01:00:00+00:00,BOSTON CELTICS,109,MINNESOTA TIMBERWOLVES,114
2023-11-07 01:00:00+00:00,ATLANTA HAWKS,117,OKLAHOMA CITY THUNDER,126
2023-11-07 02:00:00+00:00,NEW ORLEANS PELICANS,116,DENVER NUGGETS,134
2023-11-09 00:00:00+00:00,WASHINGTON WIZARDS,132,CHARLOTTE HORNETS,116
2023-11-09 00:00:00+00:00,UTAH JAZZ,118,INDIANA PACERS,134
2023-11-09 00:00:00+00:00,BOSTON CELTICS,103,PHILADELPHIA 76ERS,106
2023-11-09 00:30:00+00:00,LOS ANGELES CLIPPERS,93,BROOKLYN NETS,100
2023-11-09 00:30:00+00:00,SAN ANTONIO SPURS,105,NEW YORK KNICKS,126
2023-11-09 01:00:00+00:00,PHOENIX SUNS,116,CHICAGO BULLS,115
2023-11-09 01:00:00+00:00,LOS ANGELES LAKERS,94,HOUSTON ROCKETS,128
2023-11-09 01:00:00+00:00,MIAMI HEAT,108,MEMPHIS GRIZZLIES,102
2023-11-09 01:00:00+00:00,DETROIT PISTONS,118,MILWAUKEE BUCKS,120
2023-11-09 01:00:00+00:00,NEW ORLEANS PELICANS,101,MINNESOTA TIMBERWOLVES,122
2023-11-09 01:00:00+00:00,CLEVELAND CAVALIERS,120,OKLAHOMA CITY THUNDER,128
2023-11-09 01:30:00+00:00,TORONTO RAPTORS,127,DALLAS MAVERICKS,116
2023-11-09 03:00:00+00:00,GOLDEN STATE WARRIORS,105,DENVER NUGGETS,108
2023-11-09 03:00:00+00:00,PORTLAND TRAIL BLAZERS,118,SACRAMENTO KINGS,121
2023-11-10 00:00:00+00:00,MILWAUKEE BUCKS,124,INDIANA PACERS,126
2023-11-10 02:30:00+00:00,ATLANTA HAWKS,120,ORLANDO MAGIC,119
2023-11-11 00:00:00+00:00,PHILADELPHIA 76ERS,114,DETROIT PISTONS,106
2023-11-11 00:00:00+00:00,CHARLOTTE HORNETS,124,WASHINGTON WIZARDS,117
2023-11-11 00:30:00+00:00,BROOKLYN NETS,107,BOSTON CELTICS,121
2023-11-11 01:00:00+00:00,NEW ORLEANS PELICANS,101,HOUSTON ROCKETS,104
2023-11-11 01:00:00+00:00,UTAH JAZZ,127,MEMPHIS GRIZZLIES,121
2023-11-11 01:00:00+00:00,MINNESOTA TIMBERWOLVES,117,SAN ANTONIO SPURS,110
2023-11-11 01:30:00+00:00,LOS ANGELES CLIPPERS,126,DALLAS MAVERICKS,144
2023-11-11 03:00:00+00:00,LOS ANGELES LAKERS,122,PHOENIX SUNS,119
2023-11-11 03:00:00+00:00,OKLAHOMA CITY THUNDER,98,SACRAMENTO KINGS,105
2023-11-11 23:00:00+00:00,MILWAUKEE BUCKS,97,ORLANDO MAGIC,112
2023-11-12 00:00:00+00:00,TORONTO RAPTORS,94,BOSTON CELTICS,117
2023-11-12 00:30:00+00:00,MIAMI HEAT,117,ATLANTA HAWKS,109
2023-11-12 01:30:00+00:00,CLEVELAND CAVALIERS,118,GOLDEN STATE WARRIORS,110
2023-11-12 17:00:00+00:00,CHARLOTTE HORNETS,107,NEW YORK KNICKS,129
2023-11-12 20:00:00+00:00,WASHINGTON WIZARDS,94,BROOKLYN NETS,102
2023-11-12 20:30:00+00:00,MEMPHIS GRIZZLIES,105,LOS ANGELES CLIPPERS,101
2023-11-12 23:00:00+00:00,INDIANA PACERS,126,PHILADELPHIA 76ERS,137
2023-11-13 00:00:00+00:00,DETROIT PISTONS,108,CHICAGO BULLS,119
2023-11-13 00:00:00+00:00,DENVER NUGGETS,104,HOUSTON ROCKETS,107
2023-11-13 00:00:00+00:00,DALLAS MAVERICKS,136,NEW ORLEANS PELICANS,124
2023-11-13 00:00:00+00:00,MIAMI HEAT,118,SAN ANTONIO SPURS,113
2023-11-13 01:00:00+00:00,OKLAHOMA CITY THUNDER,111,PHOENIX SUNS,99
2023-11-13 01:30:00+00:00,MINNESOTA TIMBERWOLVES,116,GOLDEN STATE WARRIORS,110
2023-11-13 03:00:00+00:00,PORTLAND TRAIL BLAZERS,110,LOS ANGELES LAKERS,116
2023-11-14 00:30:00+00:00,NEW YORK KNICKS,98,BOSTON CELTICS,114
2023-11-14 00:30:00+00:00,WASHINGTON WIZARDS,107,TORONTO RAPTORS,111
2023-11-14 01:00:00+00:00,CHICAGO BULLS,109,MILWAUKEE BUCKS,118
2023-11-14 03:00:00+00:00,CLEVELAND CAVALIERS,120,SACRAMENTO KINGS,132
2023-11-15 00:00:00+00:00,MIAMI HEAT,111,CHARLOTTE HORNETS,105
2023-11-15 00:00:00+00:00,ATLANTA HAWKS,126,DETROIT PISTONS,120
2023-11-15 00:00:00+00:00,INDIANA PACERS,132,PHILADELPHIA 76ERS,126
2023-11-15 00:30:00+00:00,ORLANDO MAGIC,104,BROOKLYN NETS,124
2023-11-15 00:30:00+00:00,SAN ANTONIO SPURS,87,OKLAHOMA CITY THUNDER,123
2023-11-15 01:00:00+00:00,DALLAS MAVERICKS,110,NEW ORLEANS PELICANS,131
2023-11-15 02:00:00+00:00,PORTLAND TRAIL BLAZERS,99,UTAH JAZZ,115
2023-11-15 03:00:00+00:00,LOS ANGELES CLIPPERS,108,DENVER NUGGETS,111
2023-11-15 03:00:00+00:00,MINNESOTA TIMBERWOLVES,104,GOLDEN STATE WARRIORS,101
2023-11-15 03:30:00+00:00,MEMPHIS GRIZZLIES,107,LOS ANGELES LAKERS,134
2023-11-16 00:00:00+00:00,DALLAS MAVERICKS,130,WASHINGTON WIZARDS,117
2023-11-16 00:30:00+00:00,NEW YORK KNICKS,116,ATLANTA HAWKS,114
2023-11-16 00:30:00+00:00,BOSTON CELTICS,117,PHILADELPHIA 76ERS,107
2023-11-16 00:30:00+00:00,MILWAUKEE BUCKS,128,TORONTO RAPTORS,112
2023-11-16 01:00:00+00:00,ORLANDO MAGIC,96,CHICAGO BULLS,94
2023-11-16 02:00:00+00:00,MINNESOTA TIMBERWOLVES,115,PHOENIX SUNS,133
2023-11-16 03:00:00+00:00,SACRAMENTO KINGS,125,LOS ANGELES LAKERS,110
2023-11-16 03:00:00+00:00,CLEVELAND CAVALIERS,109,PORTLAND TRAIL BLAZERS,95
2023-11-17 00:30:00+00:00,BROOKLYN NETS,115,MIAMI HEAT,122
2023-11-17 03:00:00+00:00,OKLAHOMA CITY THUNDER,128,GOLDEN STATE WARRIORS,109
2023-11-18 00:00:00+00:00,MILWAUKEE BUCKS,130,CHARLOTTE HORNETS,99
2023-11-18 00:00:00+00:00,NEW YORK KNICKS,120,WASHINGTON WIZARDS,99
2023-11-18 00:30:00+00:00,PHILADELPHIA 76ERS,126,ATLANTA HAWKS,116
2023-11-18 00:30:00+00:00,DETROIT PISTONS,100,CLEVELAND CAVALIERS,108
2023-11-18 00:30:00+00:00,SACRAMENTO KINGS,129,SAN ANTONIO SPURS,120
2023-11-18 00:30:00+00:00,BOSTON CELTICS,108,TORONTO RAPTORS,105
2023-11-18 01:00:00+00:00,ORLANDO MAGIC,103,CHICAGO BULLS,97
2023-11-18 01:00:00+00:00,DENVER NUGGETS,110,NEW ORLEANS PELICANS,115
2023-11-18 03:00:00+00:00,LOS ANGELES LAKERS,107,PORTLAND TRAIL BLAZERS,95
2023-11-18 03:00:00+00:00,PHOENIX SUNS,131,UTAH JAZZ,128
2023-11-18 03:30:00+00:00,HOUSTON ROCKETS,100,LOS ANGELES CLIPPERS,106
2023-11-18 23:00:00+00:00,NEW YORK KNICKS,122,CHARLOTTE HORNETS,108
2023-11-19 00:00:00+00:00,MINNESOTA TIMBERWOLVES,121,NEW ORLEANS PELICANS,120
2023-11-19 01:00:00+00:00,MIAMI HEAT,97,CHICAGO BULLS,102
2023-11-19 01:00:00+00:00,DALLAS MAVERICKS,125,MILWAUKEE BUCKS,132
2023-11-19 01:00:00+00:00,MEMPHIS GRIZZLIES,120,SAN ANTONIO SPURS,108
2023-11-19 01:30:00+00:00,OKLAHOMA CITY THUNDER,130,GOLDEN STATE WARRIORS,123
2023-11-19 20:00:00+00:00,PHILADELPHIA 76ERS,121,BROOKLYN NETS,99
2023-11-19 21:00:00+00:00,DETROIT PISTONS,113,TORONTO RAPTORS,142
2023-11-19 22:00:00+00:00,ORLANDO MAGIC,128,INDIANA PACERS,116
2023-11-19 23:00:00+00:00,DENVER NUGGETS,109,CLEVELAND CAVALIERS,121
2023-11-20 00:30:00+00:00,SACRAMENTO KINGS,129,DALLAS MAVERICKS,113
2023-11-20 01:00:00+00:00,BOSTON CELTICS,102,MEMPHIS GRIZZLIES,100
2023-11-20 01:00:00+00:00,PHOENIX SUNS,140,UTAH JAZZ,137
2023-11-20 02:00:00+00:00,OKLAHOMA CITY THUNDER,134,PORTLAND TRAIL BLAZERS,91
2023-11-20 02:30:00+00:00,HOUSTON ROCKETS,104,LOS ANGELES LAKERS,105
2023-11-21 00:00:00+00:00,BOSTON CELTICS,118,CHARLOTTE HORNETS,121
2023-11-21 00:00:00+00:00,DENVER NUGGETS,107,DETROIT PISTONS,103
2023-11-21 00:00:00+00:00,MILWAUKEE BUCKS,142,WASHINGTON WIZARDS,129
2023-11-21 01:00:00+00:00,MIAMI HEAT,118,CHICAGO BULLS,100
2023-11-21 01:00:00+00:00,NEW YORK KNICKS,100,MINNESOTA TIMBERWOLVES,117
2023-11-21 01:00:00+00:00,SACRAMENTO KINGS,93,NEW ORLEANS PELICANS,129
2023-11-21 01:00:00+00:00,LOS ANGELES CLIPPERS,124,SAN ANTONIO SPURS,99
2023-11-21 03:00:00+00:00,HOUSTON ROCKETS,116,GOLDEN STATE WARRIORS,121
2023-11-22 00:00:00+00:00,TORONTO RAPTORS,107,ORLANDO MAGIC,126
2023-11-22 00:30:00+00:00,INDIANA PACERS,157,ATLANTA HAWKS,152
2023-11-22 00:30:00+00:00,CLEVELAND CAVALIERS,122,PHILADELPHIA 76ERS,119
2023-11-22 02:00:00+00:00,PORTLAND TRAIL BLAZERS,107,PHOENIX SUNS,120
2023-11-22 03:00:00+00:00,UTAH JAZZ,99,LOS ANGELES LAKERS,131
2023-11-23 00:00:00+00:00,WASHINGTON WIZARDS,114,CHARLOTTE HORNETS,117
2023-11-23 00:00:00+00:00,DENVER NUGGETS,119,ORLANDO MAGIC,124
2023-11-23 00:30:00+00:00,BROOKLYN NETS,145,ATLANTA HAWKS,147
2023-11-23 00:30:00+00:00,MILWAUKEE BUCKS,116,BOSTON CELTICS,119
2023-11-23 00:30:00+00:00,MIAMI HEAT,129,CLEVELAND CAVALIERS,96
2023-11-23 00:30:00+00:00,TORONTO RAPTORS,132,INDIANA PACERS,131
2023-11-23 01:00:00+00:00,MEMPHIS GRIZZLIES,91,HOUSTON ROCKETS,111
2023-11-23 01:00:00+00:00,PHILADELPHIA 76ERS,99,MINNESOTA TIMBERWOLVES,112
2023-11-23 01:00:00+00:00,SACRAMENTO KINGS,112,NEW ORLEANS PELICANS,117
2023-11-23 01:00:00+00:00,CHICAGO BULLS,102,OKLAHOMA CITY THUNDER,116
2023-11-23 01:00:00+00:00,LOS ANGELES CLIPPERS,109,SAN ANTONIO SPURS,102
2023-11-23 03:00:00+00:00,GOLDEN STATE WARRIORS,115,PHOENIX SUNS,123
2023-11-23 03:00:00+00:00,UTAH JAZZ,105,PORTLAND TRAIL BLAZERS,121
2023-11-23 03:30:00+00:00,DALLAS MAVERICKS,104,LOS ANGELES LAKERS,101
2023-11-24 19:30:00+00:00,BOSTON CELTICS,96,ORLANDO MAGIC,113
2023-11-24 22:00:00+00:00,PHOENIX SUNS,110,MEMPHIS GRIZZLIES,89
2023-11-25 00:30:00+00:00,MIAMI HEAT,98,NEW YORK KNICKS,100
2023-11-25 00:30:00+00:00,CHICAGO BULLS,108,TORONTO RAPTORS,121
2023-11-25 01:00:00+00:00,DENVER NUGGETS,86,HOUSTON ROCKETS,105
2023-11-25 01:00:00+00:00,DETROIT PISTONS,113,INDIANA PACERS,136
2023-11-25 01:00:00+00:00,WASHINGTON WIZARDS,128,MILWAUKEE BUCKS,131
2023-11-25 01:00:00+00:00,SACRAMENTO KINGS,124,MINNESOTA TIMBERWOLVES,111
2023-11-25 03:00:00+00:00,SAN ANTONIO SPURS,112,GOLDEN STATE WARRIORS,118
2023-11-25 03:30:00+00:00,NEW ORLEANS PELICANS,116,LOS ANGELES CLIPPERS,106
2023-11-25 22:00:00+00:00,PHILADELPHIA 76ERS,127,OKLAHOMA CITY THUNDER,123
2023-11-25 23:00:00+00:00,MIAMI HEAT,97,BROOKLYN NETS,112
2023-11-26 00:00:00+00:00,ATLANTA HAWKS,136,WASHINGTON WIZARDS,108
2023-11-26 00:30:00+00:00,LOS ANGELES LAKERS,121,CLEVELAND CAVALIERS,115
2023-11-26 02:30:00+00:00,NEW ORLEANS PELICANS,100,UTAH JAZZ,105
2023-11-26 03:30:00+00:00,DALLAS MAVERICKS,88,LOS ANGELES CLIPPERS,107
2023-11-26 20:30:00+00:00,PORTLAND TRAIL BLAZERS,102,MILWAUKEE BUCKS,108
2023-11-26 23:00:00+00:00,ATLANTA HAWKS,103,BOSTON CELTICS,113
2023-11-26 23:00:00+00:00,MINNESOTA TIMBERWOLVES,119,MEMPHIS GRIZZLIES,97
2023-11-26 23:00:00+00:00,PHOENIX SUNS,116,NEW YORK KNICKS,113
2023-11-26 23:00:00+00:00,CHARLOTTE HORNETS,117,ORLANDO MAGIC,130
2023-11-27 00:30:00+00:00,CHICAGO BULLS,109,BROOKLYN NETS,118
2023-11-27 00:30:00+00:00,TORONTO RAPTORS,102,CLEVELAND CAVALIERS,105
2023-11-27 01:00:00+00:00,SAN ANTONIO SPURS,120,DENVER NUGGETS,132
2023-11-28 00:00:00+00:00,WASHINGTON WIZARDS,126,DETROIT PISTONS,107
2023-11-28 00:00:00+00:00,PORTLAND TRAIL BLAZERS,114,INDIANA PACERS,110
2023-11-28 00:00:00+00:00,LOS ANGELES LAKERS,94,PHILADELPHIA 76ERS,138
2023-11-28 02:00:00+00:00,NEW ORLEANS PELICANS,112,UTAH JAZZ,114
2023-11-28 03:30:00+00:00,DENVER NUGGETS,113,LOS ANGELES CLIPPERS,104
2023-11-29 00:30:00+00:00,CHICAGO BULLS,97,BOSTON CELTICS,124
2023-11-29 00:30:00+00:00,TORONTO RAPTORS,103,BROOKLYN NETS,115
2023-11-29 00:30:00+00:00,ATLANTA HAWKS,105,CLEVELAND CAVALIERS,128
2023-11-29 00:30:00+00:00,MILWAUKEE BUCKS,131,MIAMI HEAT,124
2023-11-29 00:30:00+00:00,CHARLOTTE HORNETS,91,NEW YORK KNICKS,115
2023-11-29 01:00:00+00:00,OKLAHOMA CITY THUNDER,103,MINNESOTA TIMBERWOLVES,106
2023-11-29 01:30:00+00:00,HOUSTON ROCKETS,115,DALLAS MAVERICKS,121
2023-11-29 03:00:00+00:00,GOLDEN STATE WARRIORS,123,SACRAMENTO KINGS,124
2023-11-30 00:00:00+00:00,LOS ANGELES LAKERS,133,DETROIT PISTONS,107
2023-11-30 00:00:00+00:00,WASHINGTON WIZARDS,120,ORLANDO MAGIC,139
2023-11-30 00:30:00+00:00,PHOENIX SUNS,105,TORONTO RAPTORS,112
2023-11-30 01:00:00+00:00,UTAH JAZZ,91,MEMPHIS GRIZZLIES,105
2023-11-30 01:00:00+00:00,PHILADELPHIA 76ERS,114,NEW ORLEANS PELICANS,124
2023-11-30 02:00:00+00:00,HOUSTON ROCKETS,124,DENVER NUGGETS,134
2023-11-30 03:00:00+00:00,LOS ANGELES CLIPPERS,131,SACRAMENTO KINGS,117
2023-12-01 00:00:00+00:00,PORTLAND TRAIL BLAZERS,103,CLEVELAND CAVALIERS,95
2023-12-01 00:30:00+00:00,CHARLOTTE HORNETS,129,BROOKLYN NETS,128
2023-12-01 00:30:00+00:00,INDIANA PACERS,132,MIAMI HEAT,142
2023-12-01 00:30:00+00:00,DETROIT PISTONS,112,NEW YORK KNICKS,118
2023-12-01 01:00:00+00:00,MILWAUKEE BUCKS,113,CHICAGO BULLS,120
2023-12-01 01:00:00+00:00,UTAH JAZZ,90,MINNESOTA TIMBERWOLVES,101
2023-12-01 01:00:00+00:00,LOS ANGELES LAKERS,110,OKLAHOMA CITY THUNDER,133
2023-12-01 01:00:00+00:00,ATLANTA HAWKS,137,SAN ANTONIO SPURS,135
2023-12-01 03:00:00+00:00,LOS ANGELES CLIPPERS,114,GOLDEN STATE WARRIORS,120
2023-12-02 00:00:00+00:00,WASHINGTON WIZARDS,125,ORLANDO MAGIC,130
2023-12-02 00:30:00+00:00,PHILADELPHIA 76ERS,119,BOSTON CELTICS,125
2023-12-02 00:30:00+00:00,MEMPHIS GRIZZLIES,108,DALLAS MAVERICKS,94
2023-12-02 00:30:00+00:00,NEW YORK KNICKS,119,TORONTO RAPTORS,106
2023-12-02 01:00:00+00:00,SAN ANTONIO SPURS,106,NEW ORLEANS PELICANS,121
2023-12-02 03:00:00+00:00,DENVER NUGGETS,119,PHOENIX SUNS,111
2023-12-02 21:00:00+00:00,GOLDEN STATE WARRIORS,112,LOS ANGELES CLIPPERS,113
2023-12-02 22:00:00+00:00,MINNESOTA TIMBERWOLVES,123,CHARLOTTE HORNETS,117
2023-12-03 00:00:00+00:00,ORLANDO MAGIC,101,BROOKLYN NETS,129
2023-12-03 00:00:00+00:00,CLEVELAND CAVALIERS,110,DETROIT PISTONS,101
2023-12-03 01:00:00+00:00,NEW ORLEANS PELICANS,118,CHICAGO BULLS,124
2023-12-03 01:00:00+00:00,INDIANA PACERS,144,MIAMI HEAT,129
2023-12-03 01:00:00+00:00,ATLANTA HAWKS,121,MILWAUKEE BUCKS,132
2023-12-03 02:00:00+00:00,OKLAHOMA CITY THUNDER,126,DALLAS MAVERICKS,120
2023-12-03 02:00:00+00:00,MEMPHIS GRIZZLIES,109,PHOENIX SUNS,116
2023-12-03 02:30:00+00:00,PORTLAND TRAIL BLAZERS,113,UTAH JAZZ,118
2023-12-03 03:00:00+00:00,DENVER NUGGETS,117,SACRAMENTO KINGS,123
2023-12-03 03:30:00+00:00,HOUSTON ROCKETS,97,LOS ANGELES LAKERS,107
2023-12-05 00:30:00+00:00,BOSTON CELTICS,112,INDIANA PACERS,122
2023-12-05 03:00:00+00:00,NEW ORLEANS PELICANS,127,SACRAMENTO KINGS,117
2023-12-06 00:30:00+00:00,NEW YORK KNICKS,122,MILWAUKEE BUCKS,146
2023-12-06 03:00:00+00:00,PHOENIX SUNS,103,LOS ANGELES LAKERS,106
2023-12-07 00:00:00+00:00,ORLANDO MAGIC,111,CLEVELAND CAVALIERS,121
2023-12-07 00:00:00+00:00,MEMPHIS GRIZZLIES,116,DETROIT PISTONS,102
2023-12-07 00:00:00+00:00,PHILADELPHIA 76ERS,131,WASHINGTON WIZARDS,126
2023-12-07 00:30:00+00:00,BROOKLYN NETS,114,ATLANTA HAWKS,113
2023-12-07 00:30:00+00:00,SAN ANTONIO SPURS,94,MINNESOTA TIMBERWOLVES,102
2023-12-07 00:30:00+00:00,MIAMI HEAT,112,TORONTO RAPTORS,103
2023-12-07 01:00:00+00:00,CHARLOTTE HORNETS,100,CHICAGO BULLS,111
2023-12-07 01:00:00+00:00,OKLAHOMA CITY THUNDER,101,HOUSTON ROCKETS,110
2023-12-07 01:30:00+00:00,UTAH JAZZ,97,DALLAS MAVERICKS,147
2023-12-07 03:00:00+00:00,PORTLAND TRAIL BLAZERS,106,GOLDEN STATE WARRIORS,110
2023-12-07 03:00:00+00:00,DENVER NUGGETS,102,LOS ANGELES CLIPPERS,111
2023-12-07 22:00:00+00:00,INDIANA PACERS,128,MILWAUKEE BUCKS,119
2023-12-08 02:00:00+00:00,NEW ORLEANS PELICANS,89,LOS ANGELES LAKERS,133
2023-12-09 00:00:00+00:00,TORONTO RAPTORS,116,CHARLOTTE HORNETS,119
2023-12-09 00:00:00+00:00,DETROIT PISTONS,91,ORLANDO MAGIC,123
2023-12-09 00:00:00+00:00,ATLANTA HAWKS,114,PHILADELPHIA 76ERS,125
2023-12-09 00:30:00+00:00,NEW YORK KNICKS,123,BOSTON CELTICS,133
2023-12-09 00:30:00+00:00,WASHINGTON WIZARDS,97,BROOKLYN NETS,124
2023-12-09 01:00:00+00:00,MINNESOTA TIMBERWOLVES,127,MEMPHIS GRIZZLIES,103
2023-12-09 01:00:00+00:00,CLEVELAND CAVALIERS,111,MIAMI HEAT,99
2023-12-09 01:00:00+00:00,GOLDEN STATE WARRIORS,136,OKLAHOMA CITY THUNDER,138
2023-12-09 01:30:00+00:00,CHICAGO BULLS,121,SAN ANTONIO SPURS,112
2023-12-09 02:00:00+00:00,HOUSTON ROCKETS,114,DENVER NUGGETS,106
2023-12-09 02:00:00+00:00,SACRAMENTO KINGS,114,PHOENIX SUNS,106
2023-12-09 03:00:00+00:00,DALLAS MAVERICKS,125,PORTLAND TRAIL BLAZERS,112
2023-12-09 03:00:00+00:00,LOS ANGELES CLIPPERS,117,UTAH JAZZ,103
2023-12-10 01:30:00+00:00,INDIANA PACERS,109,LOS ANGELES LAKERS,123
2023-12-12 00:00:00+00:00,MIAMI HEAT,116,CHARLOTTE HORNETS,114
2023-12-12 00:00:00+00:00,INDIANA PACERS,131,DETROIT PISTONS,123
2023-12-12 00:00:00+00:00,CLEVELAND CAVALIERS,94,ORLANDO MAGIC,104
2023-12-12 00:00:00+00:00,WASHINGTON WIZARDS,101,PHILADELPHIA 76ERS,146
2023-12-12 00:30:00+00:00,DENVER NUGGETS,129,ATLANTA HAWKS,122
2023-12-12 00:30:00+00:00,TORONTO RAPTORS,130,NEW YORK KNICKS,136
2023-12-12 01:00:00+00:00,SAN ANTONIO SPURS,82,HOUSTON ROCKETS,93
2023-12-12 01:00:00+00:00,DALLAS MAVERICKS,120,MEMPHIS GRIZZLIES,113
2023-12-12 01:00:00+00:00,CHICAGO BULLS,129,MILWAUKEE BUCKS,133
2023-12-12 01:00:00+00:00,MINNESOTA TIMBERWOLVES,107,NEW ORLEANS PELICANS,121
2023-12-12 01:00:00+00:00,UTAH JAZZ,120,OKLAHOMA CITY THUNDER,134
2023-12-12 03:00:00+00:00,BROOKLYN NETS,118,SACRAMENTO KINGS,131
2023-12-12 03:30:00+00:00,PORTLAND TRAIL BLAZERS,127,LOS ANGELES CLIPPERS,132
2023-12-13 00:30:00+00:00,CLEVELAND CAVALIERS,113,BOSTON CELTICS,120
2023-12-13 00:30:00+00:00,LOS ANGELES LAKERS,125,DALLAS MAVERICKS,127
2023-12-13 01:00:00+00:00,DENVER NUGGETS,114,CHICAGO BULLS,106
2023-12-13 03:00:00+00:00,GOLDEN STATE WARRIORS,116,PHOENIX SUNS,119
2023-12-13 03:30:00+00:00,SACRAMENTO KINGS,99,LOS ANGELES CLIPPERS,119
2023-12-14 00:00:00+00:00,PHILADELPHIA 76ERS,129,DETROIT PISTONS,111
2023-12-14 00:00:00+00:00,NEW ORLEANS PELICANS,142,WASHINGTON WIZARDS,122
2023-12-14 00:30:00+00:00,CHARLOTTE HORNETS,104,MIAMI HEAT,115
2023-12-14 00:30:00+00:00,ATLANTA HAWKS,128,TORONTO RAPTORS,135
2023-12-14 01:00:00+00:00,MEMPHIS GRIZZLIES,104,HOUSTON ROCKETS,117
2023-12-14 01:00:00+00:00,INDIANA PACERS,126,MILWAUKEE BUCKS,140
2023-12-14 01:00:00+00:00,LOS ANGELES LAKERS,122,SAN ANTONIO SPURS,119
2023-12-14 02:00:00+00:00,BROOKLYN NETS,116,PHOENIX SUNS,112
2023-12-14 02:00:00+00:00,NEW YORK KNICKS,113,UTAH JAZZ,117
2023-12-15 00:30:00+00:00,CLEVELAND CAVALIERS,107,BOSTON CELTICS,116
2023-12-15 00:30:00+00:00,CHICAGO BULLS,124,MIAMI HEAT,116
2023-12-15 01:30:00+00:00,MINNESOTA TIMBERWOLVES,119,DALLAS MAVERICKS,101
2023-12-15 02:00:00+00:00,BROOKLYN NETS,101,DENVER NUGGETS,124
2023-12-15 03:00:00+00:00,UTAH JAZZ,122,PORTLAND TRAIL BLAZERS,114
2023-12-15 03:00:00+00:00,OKLAHOMA CITY THUNDER,123,SACRAMENTO KINGS,128
2023-12-15 03:30:00+00:00,GOLDEN STATE WARRIORS,113,LOS ANGELES CLIPPERS,121
2023-12-16 00:00:00+00:00,NEW ORLEANS PELICANS,112,CHARLOTTE HORNETS,107
2023-12-16 00:00:00+00:00,DETROIT PISTONS,92,PHILADELPHIA 76ERS,124
2023-12-16 00:00:00+00:00,INDIANA PACERS,123,WASHINGTON WIZARDS,137
2023-12-16 00:30:00+00:00,ORLANDO MAGIC,111,BOSTON CELTICS,128
2023-12-16 00:30:00+00:00,LOS ANGELES LAKERS,115,SAN ANTONIO SPURS,129
2023-12-16 00:30:00+00:00,ATLANTA HAWKS,125,TORONTO RAPTORS,104
2023-12-16 01:00:00+00:00,HOUSTON ROCKETS,103,MEMPHIS GRIZZLIES,96
2023-12-16 03:00:00+00:00,NEW YORK KNICKS,139,PHOENIX SUNS,122
2023-12-16 23:00:00+00:00,DETROIT PISTONS,114,MILWAUKEE BUCKS,146
2023-12-17 00:00:00+00:00,PHILADELPHIA 76ERS,135,CHARLOTTE HORNETS,82
2023-12-17 00:30:00+00:00,ATLANTA HAWKS,119,CLEVELAND CAVALIERS,127
2023-12-17 01:00:00+00:00,CHICAGO BULLS,116,MIAMI HEAT,118
2023-12-17 01:00:00+00:00,INDIANA PACERS,109,MINNESOTA TIMBERWOLVES,127
2023-12-17 01:30:00+00:00,BROOKLYN NETS,120,GOLDEN STATE WARRIORS,124
2023-12-17 02:00:00+00:00,OKLAHOMA CITY THUNDER,118,DENVER NUGGETS,117
2023-12-17 02:00:00+00:00,DALLAS MAVERICKS,131,PORTLAND TRAIL BLAZERS,120
2023-12-17 03:00:00+00:00,UTAH JAZZ,104,SACRAMENTO KINGS,125
2023-12-17 03:30:00+00:00,NEW YORK KNICKS,122,LOS ANGELES CLIPPERS,144
2023-12-17 20:00:00+00:00,ORLANDO MAGIC,97,BOSTON CELTICS,114
2023-12-17 20:30:00+00:00,NEW ORLEANS PELICANS,146,SAN ANTONIO SPURS,110
2023-12-18 00:00:00+00:00,HOUSTON ROCKETS,119,MILWAUKEE BUCKS,128
2023-12-18 01:00:00+00:00,WASHINGTON WIZARDS,108,PHOENIX SUNS,112
2023-12-18 02:00:00+00:00,GOLDEN STATE WARRIORS,118,PORTLAND TRAIL BLAZERS,114
2023-12-19 00:00:00+00:00,HOUSTON ROCKETS,130,CLEVELAND CAVALIERS,135
2023-12-19 00:00:00+00:00,LOS ANGELES CLIPPERS,151,INDIANA PACERS,127
2023-12-19 00:00:00+00:00,CHICAGO BULLS,108,PHILADELPHIA 76ERS,104
2023-12-19 00:30:00+00:00,DETROIT PISTONS,124,ATLANTA HAWKS,130
2023-12-19 00:30:00+00:00,MINNESOTA TIMBERWOLVES,112,MIAMI HEAT,108
2023-12-19 00:30:00+00:00,CHARLOTTE HORNETS,99,TORONTO RAPTORS,114
2023-12-19 01:00:00+00:00,MEMPHIS GRIZZLIES,97,OKLAHOMA CITY THUNDER,116
2023-12-19 02:00:00+00:00,DALLAS MAVERICKS,104,DENVER NUGGETS,130
2023-12-19 02:00:00+00:00,BROOKLYN NETS,108,UTAH JAZZ,125
2023-12-19 03:00:00+00:00,WASHINGTON WIZARDS,131,SACRAMENTO KINGS,143
2023-12-19 03:30:00+00:00,NEW YORK KNICKS,114,LOS ANGELES LAKERS,109
2023-12-20 00:30:00+00:00,MEMPHIS GRIZZLIES,115,NEW ORLEANS PELICANS,113
2023-12-20 01:00:00+00:00,SAN ANTONIO SPURS,119,MILWAUKEE BUCKS,132
2023-12-20 03:00:00+00:00,BOSTON CELTICS,126,GOLDEN STATE WARRIORS,132
2023-12-20 03:00:00+00:00,PHOENIX SUNS,104,PORTLAND TRAIL BLAZERS,109
2023-12-21 00:00:00+00:00,UTAH JAZZ,116,CLEVELAND CAVALIERS,124
2023-12-21 00:00:00+00:00,CHARLOTTE HORNETS,113,INDIANA PACERS,144
2023-12-21 00:00:00+00:00,MIAMI HEAT,115,ORLANDO MAGIC,106
2023-12-21 00:00:00+00:00,MINNESOTA TIMBERWOLVES,113,PHILADELPHIA 76ERS,127
2023-12-21 00:30:00+00:00,NEW YORK KNICKS,121,BROOKLYN NETS,102
2023-12-21 00:30:00+00:00,DENVER NUGGETS,113,TORONTO RAPTORS,104
2023-12-21 01:00:00+00:00,LOS ANGELES LAKERS,108,CHICAGO BULLS,124
2023-12-21 01:00:00+00:00,ATLANTA HAWKS,134,HOUSTON ROCKETS,127
2023-12-21 01:30:00+00:00,LOS ANGELES CLIPPERS,120,DALLAS MAVERICKS,111
2023-12-21 03:00:00+00:00,BOSTON CELTICS,144,SACRAMENTO KINGS,119
2023-12-22 00:00:00+00:00,UTAH JAZZ,119,DETROIT PISTONS,111
2023-12-22 00:30:00+00:00,NEW ORLEANS PELICANS,123,CLEVELAND CAVALIERS,104
2023-12-22 01:00:00+00:00,SAN ANTONIO SPURS,95,CHICAGO BULLS,114
2023-12-22 01:00:00+00:00,INDIANA PACERS,103,MEMPHIS GRIZZLIES,116
2023-12-22 01:00:00+00:00,ORLANDO MAGIC,114,MILWAUKEE BUCKS,118
2023-12-22 01:00:00+00:00,LOS ANGELES CLIPPERS,115,OKLAHOMA CITY THUNDER,134
2023-12-22 02:00:00+00:00,LOS ANGELES LAKERS,111,MINNESOTA TIMBERWOLVES,118
2023-12-22 03:00:00+00:00,WASHINGTON WIZARDS,118,PORTLAND TRAIL BLAZERS,117
2023-12-23 00:00:00+00:00,TORONTO RAPTORS,111,PHILADELPHIA 76ERS,121
2023-12-23 00:30:00+00:00,DENVER NUGGETS,122,BROOKLYN NETS,117
2023-12-23 01:00:00+00:00,DALLAS MAVERICKS,96,HOUSTON ROCKETS,122
2023-12-23 01:00:00+00:00,ATLANTA HAWKS,113,MIAMI HEAT,122
2023-12-23 03:00:00+00:00,WASHINGTON WIZARDS,118,GOLDEN STATE WARRIORS,129
2023-12-23 03:00:00+00:00,PHOENIX SUNS,105,SACRAMENTO KINGS,120
2023-12-23 17:30:00+00:00,MILWAUKEE BUCKS,130,NEW YORK KNICKS,111
2023-12-23 20:30:00+00:00,BOSTON CELTICS,145,LOS ANGELES CLIPPERS,108
2023-12-24 00:00:00+00:00,DENVER NUGGETS,102,CHARLOTTE HORNETS,95
2023-12-24 00:00:00+00:00,ORLANDO MAGIC,117,INDIANA PACERS,110
2023-12-24 00:00:00+00:00,HOUSTON ROCKETS,106,NEW ORLEANS PELICANS,104
2023-12-24 00:30:00+00:00,MEMPHIS GRIZZLIES,125,ATLANTA HAWKS,119
2023-12-24 00:30:00+00:00,DETROIT PISTONS,115,BROOKLYN NETS,126
2023-12-24 00:30:00+00:00,UTAH JAZZ,126,TORONTO RAPTORS,119
2023-12-24 01:00:00+00:00,CLEVELAND CAVALIERS,109,CHICAGO BULLS,95
2023-12-24 01:00:00+00:00,LOS ANGELES LAKERS,129,OKLAHOMA CITY THUNDER,120
2023-12-24 01:30:00+00:00,SAN ANTONIO SPURS,119,DALLAS MAVERICKS,144
2023-12-24 01:30:00+00:00,PORTLAND TRAIL BLAZERS,106,GOLDEN STATE WARRIORS,126
2023-12-24 03:00:00+00:00,MINNESOTA TIMBERWOLVES,110,SACRAMENTO KINGS,98
2023-12-25 17:00:00+00:00,MILWAUKEE BUCKS,122,NEW YORK KNICKS,129
2023-12-25 19:30:00+00:00,GOLDEN STATE WARRIORS,114,DENVER NUGGETS,120
2023-12-25 22:00:00+00:00,BOSTON CELTICS,126,LOS ANGELES LAKERS,115
2023-12-26 01:00:00+00:00,PHILADELPHIA 76ERS,113,MIAMI HEAT,119
2023-12-26 03:30:00+00:00,DALLAS MAVERICKS,128,PHOENIX SUNS,114
2023-12-27 00:00:00+00:00,BROOKLYN NETS,118,DETROIT PISTONS,112
2023-12-27 00:00:00+00:00,ORLANDO MAGIC,127,WASHINGTON WIZARDS,119
2023-12-27 01:00:00+00:00,ATLANTA HAWKS,113,CHICAGO BULLS,118
2023-12-27 01:00:00+00:00,INDIANA PACERS,123,HOUSTON ROCKETS,117
2023-12-27 01:00:00+00:00,MEMPHIS GRIZZLIES,116,NEW ORLEANS PELICANS,115
2023-12-27 01:00:00+00:00,MINNESOTA TIMBERWOLVES,106,OKLAHOMA CITY THUNDER,129
2023-12-27 01:00:00+00:00,UTAH JAZZ,130,SAN ANTONIO SPURS,118
2023-12-27 03:00:00+00:00,SACRAMENTO KINGS,113,PORTLAND TRAIL BLAZERS,130
2023-12-27 03:30:00+00:00,CHARLOTTE HORNETS,104,LOS ANGELES CLIPPERS,113
2023-12-28 00:00:00+00:00,PHILADELPHIA 76ERS,112,ORLANDO MAGIC,92
2023-12-28 00:00:00+00:00,TORONTO RAPTORS,132,WASHINGTON WIZARDS,102
2023-12-28 00:30:00+00:00,MILWAUKEE BUCKS,144,BROOKLYN NETS,122
2023-12-28 01:00:00+00:00,PHOENIX SUNS,129,HOUSTON ROCKETS,113
2023-12-28 01:00:00+00:00,NEW YORK KNICKS,120,OKLAHOMA CITY THUNDER,129
2023-12-28 01:30:00+00:00,CLEVELAND CAVALIERS,113,DALLAS MAVERICKS,110
2023-12-29 00:30:00+00:00,DETROIT PISTONS,122,BOSTON CELTICS,128
2023-12-29 01:00:00+00:00,INDIANA PACERS,120,CHICAGO BULLS,104
2023-12-29 01:00:00+00:00,DALLAS MAVERICKS,110,MINNESOTA TIMBERWOLVES,118
2023-12-29 01:00:00+00:00,UTAH JAZZ,105,NEW ORLEANS PELICANS,112
2023-12-29 02:00:00+00:00,MEMPHIS GRIZZLIES,105,DENVER NUGGETS,142
2023-12-29 03:00:00+00:00,MIAMI HEAT,114,GOLDEN STATE WARRIORS,102
2023-12-29 03:00:00+00:00,SAN ANTONIO SPURS,118,PORTLAND TRAIL BLAZERS,105
2023-12-29 03:30:00+00:00,CHARLOTTE HORNETS,112,LOS ANGELES LAKERS,133
2023-12-30 00:00:00+00:00,NEW YORK KNICKS,108,ORLANDO MAGIC,117
2023-12-30 00:00:00+00:00,BROOKLYN NETS,104,WASHINGTON WIZARDS,110
2023-12-30 00:30:00+00:00,SACRAMENTO KINGS,117,ATLANTA HAWKS,110
2023-12-30 00:30:00+00:00,TORONTO RAPTORS,118,BOSTON CELTICS,120
2023-12-30 00:30:00+00:00,MILWAUKEE BUCKS,119,CLEVELAND CAVALIERS,111
2023-12-30 01:00:00+00:00,PHILADELPHIA 76ERS,131,HOUSTON ROCKETS,127
2023-12-30 02:00:00+00:00,OKLAHOMA CITY THUNDER,119,DENVER NUGGETS,93
2023-12-30 02:00:00+00:00,CHARLOTTE HORNETS,119,PHOENIX SUNS,133
2023-12-30 03:00:00+00:00,SAN ANTONIO SPURS,128,PORTLAND TRAIL BLAZERS,134
2023-12-30 03:30:00+00:00,MEMPHIS GRIZZLIES,106,LOS ANGELES CLIPPERS,117
2023-12-30 22:00:00+00:00,MIAMI HEAT,109,UTAH JAZZ,117
2023-12-30 23:00:00+00:00,TORONTO RAPTORS,127,DETROIT PISTONS,129
2023-12-31 00:00:00+00:00,NEW YORK KNICKS,126,INDIANA PACERS,140
2023-12-31 01:00:00+00:00,PHILADELPHIA 76ERS,92,CHICAGO BULLS,105
2023-12-31 01:00:00+00:00,LOS ANGELES LAKERS,106,MINNESOTA TIMBERWOLVES,108
2023-12-31 01:30:00+00:00,DALLAS MAVERICKS,132,GOLDEN STATE WARRIORS,122
2023-12-31 20:00:00+00:00,ATLANTA HAWKS,130,WASHINGTON WIZARDS,126
2024-01-01 00:00:00+00:00,LOS ANGELES LAKERS,109,NEW ORLEANS PELICANS,129
2024-01-01 00:00:00+00:00,BROOKLYN NETS,108,OKLAHOMA CITY THUNDER,124
2024-01-01 00:00:00+00:00,BOSTON CELTICS,134,SAN ANTONIO SPURS,101
2024-01-01 01:00:00+00:00,SACRAMENTO KINGS,123,MEMPHIS GRIZZLIES,92
2024-01-01 01:00:00+00:00,ORLANDO MAGIC,107,PHOENIX SUNS,112
2024-01-01 20:00:00+00:00,MINNESOTA TIMBERWOLVES,106,NEW YORK KNICKS,112
2024-01-02 00:30:00+00:00,CLEVELAND CAVALIERS,121,TORONTO RAPTORS,124
2024-01-02 01:00:00+00:00,DETROIT PISTONS,113,HOUSTON ROCKETS,136
2024-01-02 01:00:00+00:00,INDIANA PACERS,122,MILWAUKEE BUCKS,113
2024-01-02 02:00:00+00:00,CHARLOTTE HORNETS,93,DENVER NUGGETS,111
2024-01-02 02:00:00+00:00,PORTLAND TRAIL BLAZERS,88,PHOENIX SUNS,109
2024-01-02 02:00:00+00:00,DALLAS MAVERICKS,90,UTAH JAZZ,127
2024-01-02 03:30:00+00:00,MIAMI HEAT,104,LOS ANGELES CLIPPERS,121
2024-01-03 00:00:00+00:00,CHICAGO BULLS,97,PHILADELPHIA 76ERS,110
2024-01-03 01:00:00+00:00,SAN ANTONIO SPURS,98,MEMPHIS GRIZZLIES,106
2024-01-03 01:00:00+00:00,BROOKLYN NETS,85,NEW ORLEANS PELICANS,112
2024-01-03 01:00:00+00:00,BOSTON CELTICS,123,OKLAHOMA CITY THUNDER,127
2024-01-03 03:00:00+00:00,ORLANDO MAGIC,115,GOLDEN STATE WARRIORS,121
2024-01-03 03:00:00+00:00,CHARLOTTE HORNETS,111,SACRAMENTO KINGS,104
2024-01-04 00:00:00+00:00,WASHINGTON WIZARDS,101,CLEVELAND CAVALIERS,140
2024-01-04 00:00:00+00:00,MILWAUKEE BUCKS,130,INDIANA PACERS,142
2024-01-04 00:30:00+00:00,OKLAHOMA CITY THUNDER,138,ATLANTA HAWKS,141
2024-01-04 01:00:00+00:00,BROOKLYN NETS,101,HOUSTON ROCKETS,112
2024-01-04 01:00:00+00:00,TORONTO RAPTORS,116,MEMPHIS GRIZZLIES,111
2024-01-04 01:00:00+00:00,NEW ORLEANS PELICANS,117,MINNESOTA TIMBERWOLVES,106
2024-01-04 01:30:00+00:00,PORTLAND TRAIL BLAZERS,97,DALLAS MAVERICKS,126
2024-01-04 01:30:00+00:00,CHICAGO BULLS,100,NEW YORK KNICKS,116
2024-01-04 02:00:00+00:00,LOS ANGELES CLIPPERS,131,PHOENIX SUNS,122
2024-01-04 02:00:00+00:00,DETROIT PISTONS,148,UTAH JAZZ,154
2024-01-04 03:00:00+00:00,MIAMI HEAT,110,LOS ANGELES LAKERS,96
2024-01-04 03:00:00+00:00,ORLANDO MAGIC,135,SACRAMENTO KINGS,138
2024-01-05 00:30:00+00:00,MILWAUKEE BUCKS,125,SAN ANTONIO SPURS,121
2024-01-05 03:00:00+00:00,DENVER NUGGETS,130,GOLDEN STATE WARRIORS,127
2024-01-06 00:00:00+00:00,UTAH JAZZ,97,BOSTON CELTICS,126
2024-01-06 00:00:00+00:00,ATLANTA HAWKS,116,INDIANA PACERS,150
2024-01-06 00:30:00+00:00,OKLAHOMA CITY THUNDER,115,BROOKLYN NETS,124
2024-01-06 00:30:00+00:00,WASHINGTON WIZARDS,90,CLEVELAND CAVALIERS,114
2024-01-06 00:30:00+00:00,NEW YORK KNICKS,128,PHILADELPHIA 76ERS,92
2024-01-06 01:00:00+00:00,CHARLOTTE HORNETS,91,CHICAGO BULLS,104
2024-01-06 01:00:00+00:00,MINNESOTA TIMBERWOLVES,122,HOUSTON ROCKETS,95
2024-01-06 01:00:00+00:00,LOS ANGELES CLIPPERS,111,NEW ORLEANS PELICANS,95
2024-01-06 01:30:00+00:00,PORTLAND TRAIL BLAZERS,103,DALLAS MAVERICKS,139
2024-01-06 02:00:00+00:00,ORLANDO MAGIC,122,DENVER NUGGETS,120
2024-01-06 02:00:00+00:00,MIAMI HEAT,97,PHOENIX SUNS,113
2024-01-06 03:00:00+00:00,DETROIT PISTONS,109,GOLDEN STATE WARRIORS,113
2024-01-06 03:00:00+00:00,MEMPHIS GRIZZLIES,127,LOS ANGELES LAKERS,113
2024-01-06 03:00:00+00:00,TORONTO RAPTORS,130,SACRAMENTO KINGS,135
2024-01-07 00:00:00+00:00,BOSTON CELTICS,118,INDIANA PACERS,101
2024-01-07 00:00:00+00:00,NEW YORK KNICKS,121,WASHINGTON WIZARDS,105
2024-01-07 00:30:00+00:00,UTAH JAZZ,120,PHILADELPHIA 76ERS,109
2024-01-07 01:00:00+00:00,MILWAUKEE BUCKS,108,HOUSTON ROCKETS,112
2024-01-07 18:00:00+00:00,SAN ANTONIO SPURS,115,CLEVELAND CAVALIERS,117
2024-01-07 20:00:00+00:00,PORTLAND TRAIL BLAZERS,134,BROOKLYN NETS,127
2024-01-07 23:00:00+00:00,ATLANTA HAWKS,110,ORLANDO MAGIC,117
2024-01-07 23:00:00+00:00,NEW ORLEANS PELICANS,133,SACRAMENTO KINGS,100
2024-01-08 00:30:00+00:00,MINNESOTA TIMBERWOLVES,108,DALLAS MAVERICKS,115
2024-01-08 01:00:00+00:00,DETROIT PISTONS,114,DENVER NUGGETS,131
2024-01-08 01:00:00+00:00,MEMPHIS GRIZZLIES,121,PHOENIX SUNS,115
2024-01-08 01:30:00+00:00,TORONTO RAPTORS,133,GOLDEN STATE WARRIORS,118
2024-01-08 02:30:00+00:00,LOS ANGELES CLIPPERS,103,LOS ANGELES LAKERS,106
2024-01-09 00:00:00+00:00,CHICAGO BULLS,119,CHARLOTTE HORNETS,112
2024-01-09 00:00:00+00:00,BOSTON CELTICS,131,INDIANA PACERS,133
2024-01-09 00:00:00+00:00,OKLAHOMA CITY THUNDER,136,WASHINGTON WIZARDS,128
2024-01-09 00:30:00+00:00,HOUSTON ROCKETS,113,MIAMI HEAT,120
2024-01-09 01:00:00+00:00,UTAH JAZZ,132,MILWAUKEE BUCKS,116
2024-01-09 03:30:00+00:00,PHOENIX SUNS,111,LOS ANGELES CLIPPERS,138
2024-01-10 00:00:00+00:00,SACRAMENTO KINGS,131,DETROIT PISTONS,110
2024-01-10 00:00:00+00:00,MINNESOTA TIMBERWOLVES,113,ORLANDO MAGIC,92
2024-01-10 00:30:00+00:00,PORTLAND TRAIL BLAZERS,84,NEW YORK KNICKS,112
2024-01-10 01:30:00+00:00,MEMPHIS GRIZZLIES,120,DALLAS MAVERICKS,103
2024-01-10 03:30:00+00:00,TORONTO RAPTORS,131,LOS ANGELES LAKERS,132
2024-01-11 00:00:00+00:00,MINNESOTA TIMBERWOLVES,120,BOSTON CELTICS,127
2024-01-11 00:00:00+00:00,SACRAMENTO KINGS,123,CHARLOTTE HORNETS,98
2024-01-11 00:00:00+00:00,SAN ANTONIO SPURS,130,DETROIT PISTONS,108
2024-01-11 00:00:00+00:00,WASHINGTON WIZARDS,104,INDIANA PACERS,112
2024-01-11 00:30:00+00:00,PHILADELPHIA 76ERS,132,ATLANTA HAWKS,139
2024-01-11 00:30:00+00:00,OKLAHOMA CITY THUNDER,128,MIAMI HEAT,120
2024-01-11 01:00:00+00:00,HOUSTON ROCKETS,119,CHICAGO BULLS,124
2024-01-11 01:30:00+00:00,NEW ORLEANS PELICANS,141,GOLDEN STATE WARRIORS,105
2024-01-11 03:00:00+00:00,DENVER NUGGETS,111,UTAH JAZZ,124
2024-01-11 03:30:00+00:00,TORONTO RAPTORS,120,LOS ANGELES CLIPPERS,126
2024-01-11 19:00:00+00:00,BROOKLYN NETS,102,CLEVELAND CAVALIERS,111
2024-01-12 00:30:00+00:00,BOSTON CELTICS,102,MILWAUKEE BUCKS,135
2024-01-12 01:00:00+00:00,PORTLAND TRAIL BLAZERS,77,OKLAHOMA CITY THUNDER,139
2024-01-12 01:30:00+00:00,NEW YORK KNICKS,124,DALLAS MAVERICKS,128
2024-01-12 03:00:00+00:00,PHOENIX SUNS,127,LOS ANGELES LAKERS,109
2024-01-13 00:30:00+00:00,INDIANA PACERS,126,ATLANTA HAWKS,108
2024-01-13 00:30:00+00:00,HOUSTON ROCKETS,112,DETROIT PISTONS,110
2024-01-13 00:30:00+00:00,SACRAMENTO KINGS,93,PHILADELPHIA 76ERS,112
2024-01-13 01:00:00+00:00,GOLDEN STATE WARRIORS,140,CHICAGO BULLS,131
2024-01-13 01:00:00+00:00,LOS ANGELES CLIPPERS,128,MEMPHIS GRIZZLIES,119
2024-01-13 01:00:00+00:00,ORLANDO MAGIC,96,MIAMI HEAT,99
2024-01-13 01:00:00+00:00,PORTLAND TRAIL BLAZERS,93,MINNESOTA TIMBERWOLVES,116
2024-01-13 01:00:00+00:00,CHARLOTTE HORNETS,99,SAN ANTONIO SPURS,135
2024-01-13 02:30:00+00:00,TORONTO RAPTORS,113,UTAH JAZZ,145
2024-01-13 03:00:00+00:00,NEW ORLEANS PELICANS,113,DENVER NUGGETS,125
2024-01-14 00:00:00+00:00,HOUSTON ROCKETS,113,BOSTON CELTICS,145
2024-01-14 00:30:00+00:00,WASHINGTON WIZARDS,127,ATLANTA HAWKS,99
2024-01-14 01:00:00+00:00,NEW YORK KNICKS,106,MEMPHIS GRIZZLIES,94
2024-01-14 01:00:00+00:00,GOLDEN STATE WARRIORS,118,MILWAUKEE BUCKS,129
2024-01-14 01:00:00+00:00,ORLANDO MAGIC,100,OKLAHOMA CITY THUNDER,112
2024-01-14 01:30:00+00:00,NEW ORLEANS PELICANS,118,DALLAS MAVERICKS,108
2024-01-14 01:30:00+00:00,CHICAGO BULLS,122,SAN ANTONIO SPURS,116
2024-01-14 02:30:00+00:00,LOS ANGELES LAKERS,125,UTAH JAZZ,132
2024-01-14 20:30:00+00:00,INDIANA PACERS,109,DENVER NUGGETS,117
2024-01-14 23:00:00+00:00,CHARLOTTE HORNETS,87,MIAMI HEAT,104
2024-01-15 00:00:00+00:00,SACRAMENTO KINGS,142,MILWAUKEE BUCKS,143
2024-01-15 00:00:00+00:00,LOS ANGELES CLIPPERS,105,MINNESOTA TIMBERWOLVES,109
2024-01-15 02:00:00+00:00,PHOENIX SUNS,127,PORTLAND TRAIL BLAZERS,116
2024-01-15 18:00:00+00:00,HOUSTON ROCKETS,115,PHILADELPHIA 76ERS,124
2024-01-15 19:30:00+00:00,NEW ORLEANS PELICANS,120,DALLAS MAVERICKS,125
2024-01-15 20:00:00+00:00,ORLANDO MAGIC,98,NEW YORK KNICKS,94
2024-01-15 20:00:00+00:00,DETROIT PISTONS,129,WASHINGTON WIZARDS,117
2024-01-15 20:30:00+00:00,SAN ANTONIO SPURS,99,ATLANTA HAWKS,109
2024-01-15 23:00:00+00:00,GOLDEN STATE WARRIORS,107,MEMPHIS GRIZZLIES,116
2024-01-16 00:00:00+00:00,CHICAGO BULLS,91,CLEVELAND CAVALIERS,109
2024-01-16 00:30:00+00:00,MIAMI HEAT,96,BROOKLYN NETS,95
2024-01-16 00:30:00+00:00,BOSTON CELTICS,105,TORONTO RAPTORS,96
2024-01-16 02:00:00+00:00,INDIANA PACERS,105,UTAH JAZZ,132
2024-01-16 03:30:00+00:00,OKLAHOMA CITY THUNDER,105,LOS ANGELES LAKERS,112
2024-01-17 00:30:00+00:00,DENVER NUGGETS,121,PHILADELPHIA 76ERS,126
2024-01-17 02:00:00+00:00,SACRAMENTO KINGS,117,PHOENIX SUNS,119
2024-01-17 03:00:00+00:00,OKLAHOMA CITY THUNDER,117,LOS ANGELES CLIPPERS,128
2024-01-18 00:00:00+00:00,MINNESOTA TIMBERWOLVES,124,DETROIT PISTONS,117
2024-01-18 00:30:00+00:00,ORLANDO MAGIC,104,ATLANTA HAWKS,106
2024-01-18 00:30:00+00:00,SAN ANTONIO SPURS,98,BOSTON CELTICS,117
2024-01-18 00:30:00+00:00,MILWAUKEE BUCKS,95,CLEVELAND CAVALIERS,135
2024-01-18 00:30:00+00:00,HOUSTON ROCKETS,94,NEW YORK KNICKS,109
2024-01-18 00:30:00+00:00,MIAMI HEAT,97,TORONTO RAPTORS,121
2024-01-18 01:00:00+00:00,CHARLOTTE HORNETS,112,NEW ORLEANS PELICANS,132
2024-01-18 01:30:00+00:00,DALLAS MAVERICKS,110,LOS ANGELES LAKERS,127
2024-01-18 03:00:00+00:00,BROOKLYN NETS,103,PORTLAND TRAIL BLAZERS,105
2024-01-19 00:30:00+00:00,WASHINGTON WIZARDS,109,NEW YORK KNICKS,113
2024-01-19 00:30:00+00:00,CHICAGO BULLS,116,TORONTO RAPTORS,110
2024-01-19 02:00:00+00:00,OKLAHOMA CITY THUNDER,134,UTAH JAZZ,129
2024-01-19 03:00:00+00:00,MEMPHIS GRIZZLIES,103,MINNESOTA TIMBERWOLVES,118
2024-01-19 03:00:00+00:00,INDIANA PACERS,126,SACRAMENTO KINGS,121
2024-01-20 00:00:00+00:00,SAN ANTONIO SPURS,120,CHARLOTTE HORNETS,124
2024-01-20 00:00:00+00:00,PHILADELPHIA 76ERS,124,ORLANDO MAGIC,109
2024-01-20 00:30:00+00:00,DENVER NUGGETS,102,BOSTON CELTICS,100
2024-01-20 01:00:00+00:00,ATLANTA HAWKS,109,MIAMI HEAT,108
2024-01-20 01:00:00+00:00,PHOENIX SUNS,123,NEW ORLEANS PELICANS,109
2024-01-20 03:00:00+00:00,INDIANA PACERS,115,PORTLAND TRAIL BLAZERS,118
2024-01-20 03:30:00+00:00,BROOKLYN NETS,130,LOS ANGELES LAKERS,112
2024-01-20 20:00:00+00:00,MILWAUKEE BUCKS,141,DETROIT PISTONS,135
2024-01-21 00:00:00+00:00,PHILADELPHIA 76ERS,97,CHARLOTTE HORNETS,89
2024-01-21 00:00:00+00:00,SAN ANTONIO SPURS,131,WASHINGTON WIZARDS,127
2024-01-21 00:30:00+00:00,CLEVELAND CAVALIERS,116,ATLANTA HAWKS,95
2024-01-21 00:30:00+00:00,TORONTO RAPTORS,100,NEW YORK KNICKS,126
2024-01-21 01:00:00+00:00,MEMPHIS GRIZZLIES,96,CHICAGO BULLS,125
2024-01-21 01:00:00+00:00,UTAH JAZZ,126,HOUSTON ROCKETS,127
2024-01-21 01:00:00+00:00,OKLAHOMA CITY THUNDER,102,MINNESOTA TIMBERWOLVES,97
2024-01-21 20:30:00+00:00,BROOKLYN NETS,114,LOS ANGELES CLIPPERS,125
2024-01-21 23:00:00+00:00,MIAMI HEAT,87,ORLANDO MAGIC,105
2024-01-21 23:00:00+00:00,DENVER NUGGETS,113,WASHINGTON WIZARDS,104
2024-01-22 00:00:00+00:00,BOSTON CELTICS,116,HOUSTON ROCKETS,107
2024-01-22 01:00:00+00:00,INDIANA PACERS,110,PHOENIX SUNS,117
2024-01-22 03:00:00+00:00,PORTLAND TRAIL BLAZERS,110,LOS ANGELES LAKERS,134
2024-01-23 00:00:00+00:00,MILWAUKEE BUCKS,122,DETROIT PISTONS,113
2024-01-23 00:00:00+00:00,CLEVELAND CAVALIERS,126,ORLANDO MAGIC,99
2024-01-23 00:00:00+00:00,SAN ANTONIO SPURS,123,PHILADELPHIA 76ERS,133
2024-01-23 00:30:00+00:00,MEMPHIS GRIZZLIES,108,TORONTO RAPTORS,100
2024-01-23 01:00:00+00:00,CHARLOTTE HORNETS,128,MINNESOTA TIMBERWOLVES,125
2024-01-23 01:30:00+00:00,BOSTON CELTICS,119,DALLAS MAVERICKS,110
2024-01-23 02:00:00+00:00,CHICAGO BULLS,113,PHOENIX SUNS,115
2024-01-23 03:00:00+00:00,ATLANTA HAWKS,107,SACRAMENTO KINGS,122
2024-01-24 00:00:00+00:00,DENVER NUGGETS,114,INDIANA PACERS,109
2024-01-24 00:30:00+00:00,NEW YORK KNICKS,108,BROOKLYN NETS,103
2024-01-24 01:00:00+00:00,UTAH JAZZ,124,NEW ORLEANS PELICANS,153
2024-01-24 01:00:00+00:00,PORTLAND TRAIL BLAZERS,109,OKLAHOMA CITY THUNDER,111
2024-01-24 03:00:00+00:00,LOS ANGELES LAKERS,116,LOS ANGELES CLIPPERS,127
2024-01-25 00:00:00+00:00,CHARLOTTE HORNETS,106,DETROIT PISTONS,113
2024-01-25 00:00:00+00:00,MINNESOTA TIMBERWOLVES,118,WASHINGTON WIZARDS,107
2024-01-25 00:30:00+00:00,MEMPHIS GRIZZLIES,105,MIAMI HEAT,96
2024-01-25 01:00:00+00:00,PORTLAND TRAIL BLAZERS,137,HOUSTON ROCKETS,131
2024-01-25 01:00:00+00:00,CLEVELAND CAVALIERS,116,MILWAUKEE BUCKS,126
2024-01-25 01:30:00+00:00,PHOENIX SUNS,132,DALLAS MAVERICKS,109
2024-01-25 02:30:00+00:00,OKLAHOMA CITY THUNDER,140,SAN ANTONIO SPURS,114
2024-01-25 03:00:00+00:00,ATLANTA HAWKS,112,GOLDEN STATE WARRIORS,134
2024-01-26 00:00:00+00:00,PHILADELPHIA 76ERS,122,INDIANA PACERS,134
2024-01-26 00:00:00+00:00,UTAH JAZZ,123,WASHINGTON WIZARDS,108
2024-01-26 00:30:00+00:00,MINNESOTA TIMBERWOLVES,96,BROOKLYN NETS,94
2024-01-26 00:30:00+00:00,BOSTON CELTICS,143,MIAMI HEAT,110
2024-01-26 00:30:00+00:00,DENVER NUGGETS,84,NEW YORK KNICKS,122
2024-01-26 03:00:00+00:00,SACRAMENTO KINGS,134,GOLDEN STATE WARRIORS,133
2024-01-26 03:30:00+00:00,CHICAGO BULLS,132,LOS ANGELES LAKERS,141
2024-01-27 00:00:00+00:00,DALLAS MAVERICKS,148,ATLANTA HAWKS,143
2024-01-27 00:00:00+00:00,HOUSTON ROCKETS,138,CHARLOTTE HORNETS,104
2024-01-27 00:00:00+00:00,PHOENIX SUNS,131,INDIANA PACERS,133
2024-01-27 00:30:00+00:00,LOS ANGELES CLIPPERS,127,TORONTO RAPTORS,107
2024-01-27 01:00:00+00:00,ORLANDO MAGIC,106,MEMPHIS GRIZZLIES,107
2024-01-27 01:00:00+00:00,CLEVELAND CAVALIERS,112,MILWAUKEE BUCKS,100
2024-01-27 01:00:00+00:00,OKLAHOMA CITY THUNDER,107,NEW ORLEANS PELICANS,83
2024-01-27 02:30:00+00:00,PORTLAND TRAIL BLAZERS,100,SAN ANTONIO SPURS,116
2024-01-27 17:00:00+00:00,WASHINGTON WIZARDS,118,DETROIT PISTONS,104
2024-01-27 20:00:00+00:00,MIAMI HEAT,109,NEW YORK KNICKS,125
2024-01-27 22:30:00+00:00,PHILADELPHIA 76ERS,105,DENVER NUGGETS,111
2024-01-27 23:00:00+00:00,HOUSTON ROCKETS,104,BROOKLYN NETS,106
2024-01-28 00:00:00+00:00,LOS ANGELES CLIPPERS,115,BOSTON CELTICS,96
2024-01-28 00:00:00+00:00,UTAH JAZZ,134,CHARLOTTE HORNETS,122
2024-01-28 01:00:00+00:00,NEW ORLEANS PELICANS,117,MILWAUKEE BUCKS,141
2024-01-28 01:30:00+00:00,LOS ANGELES LAKERS,145,GOLDEN STATE WARRIORS,144
2024-01-28 01:30:00+00:00,MINNESOTA TIMBERWOLVES,112,SAN ANTONIO SPURS,113
2024-01-28 02:00:00+00:00,SACRAMENTO KINGS,120,DALLAS MAVERICKS,115
2024-01-28 19:00:00+00:00,OKLAHOMA CITY THUNDER,104,DETROIT PISTONS,120
2024-01-28 20:30:00+00:00,MEMPHIS GRIZZLIES,110,INDIANA PACERS,116
2024-01-28 23:00:00+00:00,TORONTO RAPTORS,125,ATLANTA HAWKS,126
2024-01-28 23:00:00+00:00,PHOENIX SUNS,98,ORLANDO MAGIC,113
2024-01-29 02:00:00+00:00,CHICAGO BULLS,104,PORTLAND TRAIL BLAZERS,96
2024-01-30 00:00:00+00:00,NEW YORK KNICKS,113,CHARLOTTE HORNETS,92
2024-01-30 00:00:00+00:00,LOS ANGELES CLIPPERS,108,CLEVELAND CAVALIERS,118
2024-01-30 00:30:00+00:00,NEW ORLEANS PELICANS,112,BOSTON CELTICS,118
2024-01-30 00:30:00+00:00,UTAH JAZZ,114,BROOKLYN NETS,147
2024-01-30 00:30:00+00:00,PHOENIX SUNS,118,MIAMI HEAT,105
2024-01-30 01:00:00+00:00,LOS ANGELES LAKERS,119,HOUSTON ROCKETS,135
2024-01-30 01:00:00+00:00,SACRAMENTO KINGS,103,MEMPHIS GRIZZLIES,94
2024-01-30 01:00:00+00:00,MINNESOTA TIMBERWOLVES,107,OKLAHOMA CITY THUNDER,101
2024-01-30 01:00:00+00:00,WASHINGTON WIZARDS,118,SAN ANTONIO SPURS,113
2024-01-30 01:30:00+00:00,ORLANDO MAGIC,129,DALLAS MAVERICKS,131
2024-01-30 02:00:00+00:00,MILWAUKEE BUCKS,107,DENVER NUGGETS,113
2024-01-30 03:00:00+00:00,PHILADELPHIA 76ERS,104,PORTLAND TRAIL BLAZERS,130
2024-01-31 00:30:00+00:00,LOS ANGELES LAKERS,122,ATLANTA HAWKS,138
2024-01-31 00:30:00+00:00,INDIANA PACERS,124,BOSTON CELTICS,129
2024-01-31 00:30:00+00:00,UTAH JAZZ,103,NEW YORK KNICKS,118
2024-01-31 01:00:00+00:00,TORONTO RAPTORS,118,CHICAGO BULLS,107
2024-01-31 03:00:00+00:00,PHILADELPHIA 76ERS,107,GOLDEN STATE WARRIORS,119
2024-02-01 00:00:00+00:00,CHICAGO BULLS,117,CHARLOTTE HORNETS,110
2024-02-01 00:00:00+00:00,DETROIT PISTONS,121,CLEVELAND CAVALIERS,128
2024-02-01 00:00:00+00:00,LOS ANGELES CLIPPERS,125,WASHINGTON WIZARDS,109
2024-02-01 00:30:00+00:00,SACRAMENTO KINGS,106,MIAMI HEAT,115
2024-02-01 01:00:00+00:00,NEW ORLEANS PELICANS,110,HOUSTON ROCKETS,99
2024-02-01 01:00:00+00:00,DALLAS MAVERICKS,87,MINNESOTA TIMBERWOLVES,121
2024-02-01 01:00:00+00:00,DENVER NUGGETS,100,OKLAHOMA CITY THUNDER,105
2024-02-01 01:00:00+00:00,ORLANDO MAGIC,108,SAN ANTONIO SPURS,98
2024-02-01 01:30:00+00:00,PHOENIX SUNS,136,BROOKLYN NETS,120
2024-02-01 03:00:00+00:00,MILWAUKEE BUCKS,116,PORTLAND TRAIL BLAZERS,119
2024-02-02 00:30:00+00:00,LOS ANGELES LAKERS,114,BOSTON CELTICS,105
2024-02-02 00:30:00+00:00,INDIANA PACERS,105,NEW YORK KNICKS,109
2024-02-02 01:00:00+00:00,CLEVELAND CAVALIERS,108,MEMPHIS GRIZZLIES,101
2024-02-02 03:00:00+00:00,PHILADELPHIA 76ERS,127,UTAH JAZZ,124
2024-02-03 00:00:00+00:00,LOS ANGELES CLIPPERS,136,DETROIT PISTONS,125
2024-02-03 00:00:00+00:00,MIAMI HEAT,110,WASHINGTON WIZARDS,102
2024-02-03 00:30:00+00:00,PHOENIX SUNS,120,ATLANTA HAWKS,129
2024-02-03 00:30:00+00:00,SACRAMENTO KINGS,133,INDIANA PACERS,122
2024-02-03 01:00:00+00:00,TORONTO RAPTORS,106,HOUSTON ROCKETS,135
2024-02-03 01:00:00+00:00,GOLDEN STATE WARRIORS,121,MEMPHIS GRIZZLIES,101
2024-02-03 01:00:00+00:00,ORLANDO MAGIC,108,MINNESOTA TIMBERWOLVES,106
2024-02-03 01:00:00+00:00,CHARLOTTE HORNETS,106,OKLAHOMA CITY THUNDER,126
2024-02-03 01:00:00+00:00,NEW ORLEANS PELICANS,114,SAN ANTONIO SPURS,113
2024-02-03 02:00:00+00:00,PORTLAND TRAIL BLAZERS,108,DENVER NUGGETS,120
2024-02-03 23:00:00+00:00,BROOKLYN NETS,136,PHILADELPHIA 76ERS,121
2024-02-04 00:30:00+00:00,GOLDEN STATE WARRIORS,134,ATLANTA HAWKS,141
2024-02-04 01:00:00+00:00,SACRAMENTO KINGS,123,CHICAGO BULLS,115
2024-02-04 01:30:00+00:00,MILWAUKEE BUCKS,129,DALLAS MAVERICKS,117
2024-02-04 01:30:00+00:00,LOS ANGELES LAKERS,113,NEW YORK KNICKS,105
2024-02-04 01:30:00+00:00,CLEVELAND CAVALIERS,117,SAN ANTONIO SPURS,101
2024-02-04 20:00:00+00:00,ORLANDO MAGIC,111,DETROIT PISTONS,99
2024-02-04 20:30:00+00:00,PHOENIX SUNS,140,WASHINGTON WIZARDS,112
2024-02-04 23:00:00+00:00,MEMPHIS GRIZZLIES,91,BOSTON CELTICS,131
2024-02-04 23:00:00+00:00,INDIANA PACERS,115,CHARLOTTE HORNETS,99
2024-02-04 23:00:00+00:00,LOS ANGELES CLIPPERS,103,MIAMI HEAT,95
2024-02-05 00:00:00+00:00,HOUSTON ROCKETS,90,MINNESOTA TIMBERWOLVES,111
2024-02-05 00:00:00+00:00,TORONTO RAPTORS,127,OKLAHOMA CITY THUNDER,135
2024-02-05 01:00:00+00:00,MILWAUKEE BUCKS,108,UTAH JAZZ,123
2024-02-05 01:30:00+00:00,PORTLAND TRAIL BLAZERS,103,DENVER NUGGETS,112
2024-02-06 00:00:00+00:00,LOS ANGELES LAKERS,124,CHARLOTTE HORNETS,118
2024-02-06 00:00:00+00:00,SACRAMENTO KINGS,110,CLEVELAND CAVALIERS,136
2024-02-06 00:00:00+00:00,DALLAS MAVERICKS,118,PHILADELPHIA 76ERS,102
2024-02-06 00:30:00+00:00,LOS ANGELES CLIPPERS,149,ATLANTA HAWKS,144
2024-02-06 00:30:00+00:00,GOLDEN STATE WARRIORS,109,BROOKLYN NETS,98
2024-02-06 01:00:00+00:00,TORONTO RAPTORS,100,NEW ORLEANS PELICANS,138
2024-02-07 00:00:00+00:00,HOUSTON ROCKETS,129,INDIANA PACERS,132
2024-02-07 00:30:00+00:00,DALLAS MAVERICKS,119,BROOKLYN NETS,107
2024-02-07 00:30:00+00:00,ORLANDO MAGIC,95,MIAMI HEAT,121
2024-02-07 00:30:00+00:00,MEMPHIS GRIZZLIES,113,NEW YORK KNICKS,123
2024-02-07 01:00:00+00:00,MINNESOTA TIMBERWOLVES,123,CHICAGO BULLS,129
2024-02-07 02:00:00+00:00,OKLAHOMA CITY THUNDER,117,UTAH JAZZ,124
2024-02-07 03:00:00+00:00,MILWAUKEE BUCKS,106,PHOENIX SUNS,114
2024-02-08 00:00:00+00:00,TORONTO RAPTORS,123,CHARLOTTE HORNETS,117
2024-02-08 00:00:00+00:00,CLEVELAND CAVALIERS,114,WASHINGTON WIZARDS,106
2024-02-08 00:30:00+00:00,ATLANTA HAWKS,117,BOSTON CELTICS,125
2024-02-08 00:30:00+00:00,SAN ANTONIO SPURS,104,MIAMI HEAT,116
2024-02-08 00:30:00+00:00,GOLDEN STATE WARRIORS,127,PHILADELPHIA 76ERS,104
2024-02-08 03:00:00+00:00,NEW ORLEANS PELICANS,117,LOS ANGELES CLIPPERS,106
2024-02-08 03:00:00+00:00,DETROIT PISTONS,133,SACRAMENTO KINGS,120
2024-02-09 00:00:00+00:00,GOLDEN STATE WARRIORS,131,INDIANA PACERS,109
2024-02-09 00:00:00+00:00,SAN ANTONIO SPURS,111,ORLANDO MAGIC,127
2024-02-09 00:30:00+00:00,CLEVELAND CAVALIERS,118,BROOKLYN NETS,95
2024-02-09 00:30:00+00:00,DALLAS MAVERICKS,122,NEW YORK KNICKS,108
2024-02-09 01:00:00+00:00,CHICAGO BULLS,118,MEMPHIS GRIZZLIES,110
2024-02-09 01:00:00+00:00,MINNESOTA TIMBERWOLVES,129,MILWAUKEE BUCKS,105
2024-02-09 02:00:00+00:00,UTAH JAZZ,115,PHOENIX SUNS,129
2024-02-09 03:00:00+00:00,DENVER NUGGETS,114,LOS ANGELES LAKERS,106
2024-02-09 03:00:00+00:00,DETROIT PISTONS,128,PORTLAND TRAIL BLAZERS,122
2024-02-10 00:00:00+00:00,ATLANTA HAWKS,127,PHILADELPHIA 76ERS,121
2024-02-10 00:30:00+00:00,WASHINGTON WIZARDS,129,BOSTON CELTICS,133
2024-02-10 00:30:00+00:00,HOUSTON ROCKETS,104,TORONTO RAPTORS,107
2024-02-10 01:00:00+00:00,CHARLOTTE HORNETS,84,MILWAUKEE BUCKS,120
2024-02-10 03:00:00+00:00,DENVER NUGGETS,106,SACRAMENTO KINGS,135
2024-02-10 03:30:00+00:00,NEW ORLEANS PELICANS,122,LOS ANGELES LAKERS,139
2024-02-10 20:00:00+00:00,OKLAHOMA CITY THUNDER,111,DALLAS MAVERICKS,146
2024-02-10 20:30:00+00:00,DETROIT PISTONS,106,LOS ANGELES CLIPPERS,112
2024-02-10 23:00:00+00:00,SAN ANTONIO SPURS,103,BROOKLYN NETS,123
2024-02-11 00:00:00+00:00,MEMPHIS GRIZZLIES,106,CHARLOTTE HORNETS,115
2024-02-11 00:00:00+00:00,CHICAGO BULLS,108,ORLANDO MAGIC,114
2024-02-11 00:00:00+00:00,PHILADELPHIA 76ERS,119,WASHINGTON WIZARDS,113
2024-02-11 00:30:00+00:00,HOUSTON ROCKETS,113,ATLANTA HAWKS,122
2024-02-11 00:30:00+00:00,INDIANA PACERS,125,NEW YORK KNICKS,111
2024-02-11 00:30:00+00:00,CLEVELAND CAVALIERS,119,TORONTO RAPTORS,95
2024-02-11 01:30:00+00:00,PHOENIX SUNS,112,GOLDEN STATE WARRIORS,113
2024-02-11 03:00:00+00:00,NEW ORLEANS PELICANS,93,PORTLAND TRAIL BLAZERS,84
2024-02-11 19:00:00+00:00,BOSTON CELTICS,110,MIAMI HEAT,106
2024-02-11 20:00:00+00:00,SACRAMENTO KINGS,113,OKLAHOMA CITY THUNDER,127
2024-02-13 00:00:00+00:00,INDIANA PACERS,102,CHARLOTTE HORNETS,111
2024-02-13 00:00:00+00:00,PHILADELPHIA 76ERS,123,CLEVELAND CAVALIERS,121
2024-02-13 00:30:00+00:00,CHICAGO BULLS,136,ATLANTA HAWKS,126
2024-02-13 00:30:00+00:00,SAN ANTONIO SPURS,122,TORONTO RAPTORS,99
2024-02-13 01:00:00+00:00,NEW YORK KNICKS,103,HOUSTON ROCKETS,105
2024-02-13 01:00:00+00:00,NEW ORLEANS PELICANS,96,MEMPHIS GRIZZLIES,87
2024-02-13 01:00:00+00:00,DENVER NUGGETS,95,MILWAUKEE BUCKS,112
2024-02-13 01:30:00+00:00,WASHINGTON WIZARDS,104,DALLAS MAVERICKS,112
2024-02-13 02:00:00+00:00,GOLDEN STATE WARRIORS,129,UTAH JAZZ,107
2024-02-13 03:30:00+00:00,MINNESOTA TIMBERWOLVES,121,LOS ANGELES CLIPPERS,100
2024-02-14 00:30:00+00:00,BOSTON CELTICS,118,BROOKLYN NETS,110
2024-02-14 00:30:00+00:00,OKLAHOMA CITY THUNDER,127,ORLANDO MAGIC,113
2024-02-14 01:00:00+00:00,MIAMI HEAT,123,MILWAUKEE BUCKS,97
2024-02-14 03:00:00+00:00,SACRAMENTO KINGS,125,PHOENIX SUNS,130
2024-02-14 03:00:00+00:00,MINNESOTA TIMBERWOLVES,121,PORTLAND TRAIL BLAZERS,109
2024-02-14 03:30:00+00:00,DETROIT PISTONS,111,LOS ANGELES LAKERS,125
2024-02-15 00:00:00+00:00,ATLANTA HAWKS,99,CHARLOTTE HORNETS,122
2024-02-15 00:00:00+00:00,NEW YORK KNICKS,100,ORLANDO MAGIC,118
2024-02-15 00:00:00+00:00,MIAMI HEAT,109,PHILADELPHIA 76ERS,104
2024-02-15 00:30:00+00:00,BROOKLYN NETS,86,BOSTON CELTICS,136
2024-02-15 00:30:00+00:00,CHICAGO BULLS,105,CLEVELAND CAVALIERS,108
2024-02-15 00:30:00+00:00,INDIANA PACERS,127,TORONTO RAPTORS,125
2024-02-15 01:00:00+00:00,HOUSTON ROCKETS,113,MEMPHIS GRIZZLIES,121
2024-02-15 01:00:00+00:00,WASHINGTON WIZARDS,126,NEW ORLEANS PELICANS,133
2024-02-15 01:30:00+00:00,SAN ANTONIO SPURS,93,DALLAS MAVERICKS,116
2024-02-15 02:00:00+00:00,SACRAMENTO KINGS,102,DENVER NUGGETS,98
2024-02-15 02:00:00+00:00,DETROIT PISTONS,100,PHOENIX SUNS,116
2024-02-15 02:00:00+00:00,LOS ANGELES LAKERS,138,UTAH JAZZ,122
2024-02-15 03:00:00+00:00,LOS ANGELES CLIPPERS,130,GOLDEN STATE WARRIORS,125
2024-02-16 01:30:00+00:00,MILWAUKEE BUCKS,110,MEMPHIS GRIZZLIES,113
2024-02-16 02:00:00+00:00,GOLDEN STATE WARRIORS,140,UTAH JAZZ,137
2024-02-16 03:00:00+00:00,MINNESOTA TIMBERWOLVES,128,PORTLAND TRAIL BLAZERS,91
2024-02-23 00:00:00+00:00,ORLANDO MAGIC,116,CLEVELAND CAVALIERS,109
2024-02-23 00:00:00+00:00,DETROIT PISTONS,115,INDIANA PACERS,129
2024-02-23 00:00:00+00:00,NEW YORK KNICKS,110,PHILADELPHIA 76ERS,96
2024-02-23 00:00:00+00:00,BROOKLYN NETS,93,TORONTO RAPTORS,121
2024-02-23 00:30:00+00:00,PHOENIX SUNS,113,DALLAS MAVERICKS,123
2024-02-23 01:00:00+00:00,BOSTON CELTICS,129,CHICAGO BULLS,112
2024-02-23 01:00:00+00:00,HOUSTON ROCKETS,105,NEW ORLEANS PELICANS,127
2024-02-23 01:00:00+00:00,LOS ANGELES CLIPPERS,107,OKLAHOMA CITY THUNDER,129
2024-02-23 02:00:00+00:00,WASHINGTON WIZARDS,110,DENVER NUGGETS,130
2024-02-23 02:00:00+00:00,CHARLOTTE HORNETS,115,UTAH JAZZ,107
2024-02-23 03:00:00+00:00,LOS ANGELES LAKERS,110,GOLDEN STATE WARRIORS,128
2024-02-23 03:00:00+00:00,SAN ANTONIO SPURS,122,SACRAMENTO KINGS,127
2024-02-24 00:30:00+00:00,TORONTO RAPTORS,123,ATLANTA HAWKS,121
2024-02-24 00:30:00+00:00,CLEVELAND CAVALIERS,97,PHILADELPHIA 76ERS,104
2024-02-24 01:00:00+00:00,PHOENIX SUNS,110,HOUSTON ROCKETS,114
2024-02-24 01:00:00+00:00,LOS ANGELES CLIPPERS,101,MEMPHIS GRIZZLIES,95
2024-02-24 01:00:00+00:00,MIAMI HEAT,106,NEW ORLEANS PELICANS,95
2024-02-24 01:00:00+00:00,WASHINGTON WIZARDS,106,OKLAHOMA CITY THUNDER,147
2024-02-24 03:00:00+00:00,CHARLOTTE HORNETS,84,GOLDEN STATE WARRIORS,97
2024-02-24 03:00:00+00:00,MILWAUKEE BUCKS,112,MINNESOTA TIMBERWOLVES,107
2024-02-24 03:00:00+00:00,DENVER NUGGETS,127,PORTLAND TRAIL BLAZERS,112
2024-02-24 03:30:00+00:00,SAN ANTONIO SPURS,118,LOS ANGELES LAKERS,123
2024-02-25 01:00:00+00:00,ORLANDO MAGIC,112,DETROIT PISTONS,109
2024-02-25 01:30:00+00:00,BOSTON CELTICS,116,NEW YORK KNICKS,102
2024-02-25 02:00:00+00:00,BROOKLYN NETS,86,MINNESOTA TIMBERWOLVES,101
2024-02-25 18:00:00+00:00,MILWAUKEE BUCKS,119,PHILADELPHIA 76ERS,98
2024-02-25 20:30:00+00:00,LOS ANGELES LAKERS,113,PHOENIX SUNS,123
2024-02-25 22:00:00+00:00,DALLAS MAVERICKS,111,INDIANA PACERS,133
2024-02-25 23:00:00+00:00,CLEVELAND CAVALIERS,114,WASHINGTON WIZARDS,105
2024-02-26 00:00:00+00:00,ORLANDO MAGIC,92,ATLANTA HAWKS,109
2024-02-26 00:00:00+00:00,DENVER NUGGETS,119,GOLDEN STATE WARRIORS,103
2024-02-26 00:00:00+00:00,OKLAHOMA CITY THUNDER,123,HOUSTON ROCKETS,110
2024-02-26 00:00:00+00:00,CHICAGO BULLS,114,NEW ORLEANS PELICANS,106
2024-02-26 01:00:00+00:00,SAN ANTONIO SPURS,109,UTAH JAZZ,128
2024-02-26 02:00:00+00:00,CHARLOTTE HORNETS,93,PORTLAND TRAIL BLAZERS,80
2024-02-26 02:30:00+00:00,SACRAMENTO KINGS,123,LOS ANGELES CLIPPERS,107
2024-02-27 00:00:00+00:00,TORONTO RAPTORS,130,INDIANA PACERS,122
2024-02-27 00:30:00+00:00,DETROIT PISTONS,111,NEW YORK KNICKS,113
2024-02-27 01:00:00+00:00,BROOKLYN NETS,111,MEMPHIS GRIZZLIES,86
2024-02-27 03:00:00+00:00,MIAMI HEAT,121,SACRAMENTO KINGS,110
2024-02-28 00:00:00+00:00,DALLAS MAVERICKS,119,CLEVELAND CAVALIERS,121
2024-02-28 00:00:00+00:00,BROOKLYN NETS,81,ORLANDO MAGIC,108
2024-02-28 00:00:00+00:00,GOLDEN STATE WARRIORS,123,WASHINGTON WIZARDS,112
2024-02-28 00:30:00+00:00,UTAH JAZZ,97,ATLANTA HAWKS,124
2024-02-28 00:30:00+00:00,PHILADELPHIA 76ERS,99,BOSTON CELTICS,117
2024-02-28 00:30:00+00:00,NEW ORLEANS PELICANS,115,NEW YORK KNICKS,92
2024-02-28 01:00:00+00:00,DETROIT PISTONS,105,CHICAGO BULLS,95
2024-02-28 01:00:00+00:00,CHARLOTTE HORNETS,85,MILWAUKEE BUCKS,123
2024-02-28 01:00:00+00:00,SAN ANTONIO SPURS,105,MINNESOTA TIMBERWOLVES,114
2024-02-28 03:00:00+00:00,HOUSTON ROCKETS,95,OKLAHOMA CITY THUNDER,112
2024-02-28 03:00:00+00:00,MIAMI HEAT,106,PORTLAND TRAIL BLAZERS,96
2024-02-29 00:30:00+00:00,NEW ORLEANS PELICANS,114,INDIANA PACERS,123
2024-02-29 00:30:00+00:00,DALLAS MAVERICKS,136,TORONTO RAPTORS,125
2024-02-29 01:00:00+00:00,CLEVELAND CAVALIERS,123,CHICAGO BULLS,132
2024-02-29 01:00:00+00:00,MEMPHIS GRIZZLIES,101,MINNESOTA TIMBERWOLVES,110
2024-02-29 02:00:00+00:00,SACRAMENTO KINGS,96,DENVER NUGGETS,117
2024-02-29 03:00:00+00:00,LOS ANGELES LAKERS,116,LOS ANGELES CLIPPERS,112
2024-03-01 00:00:00+00:00,MILWAUKEE BUCKS,111,CHARLOTTE HORNETS,99
2024-03-01 00:00:00+00:00,UTAH JAZZ,107,ORLANDO MAGIC,115
2024-03-01 00:30:00+00:00,ATLANTA HAWKS,97,BROOKLYN NETS,124
2024-03-01 00:30:00+00:00,GOLDEN STATE WARRIORS,110,NEW YORK KNICKS,99
2024-03-01 01:30:00+00:00,OKLAHOMA CITY THUNDER,118,SAN ANTONIO SPURS,132
2024-03-01 02:00:00+00:00,HOUSTON ROCKETS,105,PHOENIX SUNS,110
2024-03-01 03:00:00+00:00,MIAMI HEAT,97,DENVER NUGGETS,103
2024-03-01 03:30:00+00:00,WASHINGTON WIZARDS,131,LOS ANGELES LAKERS,134
2024-03-02 00:00:00+00:00,CLEVELAND CAVALIERS,110,DETROIT PISTONS,100
2024-03-02 00:00:00+00:00,CHARLOTTE HORNETS,114,PHILADELPHIA 76ERS,121
2024-03-02 00:30:00+00:00,DALLAS MAVERICKS,110,BOSTON CELTICS,138
2024-03-02 00:30:00+00:00,GOLDEN STATE WARRIORS,120,TORONTO RAPTORS,105
2024-03-02 01:00:00+00:00,PORTLAND TRAIL BLAZERS,122,MEMPHIS GRIZZLIES,92
2024-03-02 01:00:00+00:00,SACRAMENTO KINGS,124,MINNESOTA TIMBERWOLVES,120
2024-03-02 01:00:00+00:00,INDIANA PACERS,102,NEW ORLEANS PELICANS,129
2024-03-02 03:00:00+00:00,MILWAUKEE BUCKS,113,CHICAGO BULLS,97
2024-03-02 03:30:00+00:00,WASHINGTON WIZARDS,115,LOS ANGELES CLIPPERS,140
2024-03-02 20:00:00+00:00,ATLANTA HAWKS,102,BROOKLYN NETS,114
2024-03-02 22:00:00+00:00,UTAH JAZZ,120,MIAMI HEAT,126
2024-03-03 01:00:00+00:00,PORTLAND TRAIL BLAZERS,107,MEMPHIS GRIZZLIES,100
2024-03-03 01:30:00+00:00,DENVER NUGGETS,124,LOS ANGELES LAKERS,114
2024-03-03 02:00:00+00:00,HOUSTON ROCKETS,118,PHOENIX SUNS,109
2024-03-03 18:00:00+00:00,PHILADELPHIA 76ERS,120,DALLAS MAVERICKS,116
2024-03-03 20:30:00+00:00,GOLDEN STATE WARRIORS,88,BOSTON CELTICS,140
2024-03-03 20:30:00+00:00,LOS ANGELES CLIPPERS,89,MINNESOTA TIMBERWOLVES,88
2024-03-03 23:00:00+00:00,DETROIT PISTONS,91,ORLANDO MAGIC,113
2024-03-03 23:00:00+00:00,CHARLOTTE HORNETS,106,TORONTO RAPTORS,111
2024-03-04 00:00:00+00:00,NEW YORK KNICKS,107,CLEVELAND CAVALIERS,98
2024-03-04 00:00:00+00:00,INDIANA PACERS,105,SAN ANTONIO SPURS,117
2024-03-04 02:30:00+00:00,OKLAHOMA CITY THUNDER,118,PHOENIX SUNS,110
2024-03-05 00:30:00+00:00,MEMPHIS GRIZZLIES,106,BROOKLYN NETS,102
2024-03-05 01:00:00+00:00,LOS ANGELES CLIPPERS,106,MILWAUKEE BUCKS,113
2024-03-05 01:00:00+00:00,PORTLAND TRAIL BLAZERS,114,MINNESOTA TIMBERWOLVES,119
2024-03-05 02:00:00+00:00,WASHINGTON WIZARDS,115,UTAH JAZZ,127
2024-03-05 03:00:00+00:00,CHICAGO BULLS,113,SACRAMENTO KINGS,109
2024-03-05 03:30:00+00:00,OKLAHOMA CITY THUNDER,104,LOS ANGELES LAKERS,116
2024-03-06 00:00:00+00:00,ORLANDO MAGIC,101,CHARLOTTE HORNETS,89
2024-03-06 00:30:00+00:00,PHILADELPHIA 76ERS,107,BROOKLYN NETS,112
2024-03-06 00:30:00+00:00,BOSTON CELTICS,104,CLEVELAND CAVALIERS,105
2024-03-06 00:30:00+00:00,DETROIT PISTONS,110,MIAMI HEAT,118
2024-03-06 00:30:00+00:00,ATLANTA HAWKS,116,NEW YORK KNICKS,100
2024-03-06 00:30:00+00:00,NEW ORLEANS PELICANS,139,TORONTO RAPTORS,98
2024-03-06 01:00:00+00:00,SAN ANTONIO SPURS,101,HOUSTON ROCKETS,114
2024-03-06 01:30:00+00:00,INDIANA PACERS,137,DALLAS MAVERICKS,120
2024-03-06 03:00:00+00:00,PHOENIX SUNS,117,DENVER NUGGETS,107
2024-03-07 00:00:00+00:00,ORLANDO MAGIC,119,WASHINGTON WIZARDS,109
2024-03-07 00:30:00+00:00,CLEVELAND CAVALIERS,101,ATLANTA HAWKS,112
2024-03-07 00:30:00+00:00,LOS ANGELES CLIPPERS,122,HOUSTON ROCKETS,116
2024-03-07 00:30:00+00:00,MEMPHIS GRIZZLIES,115,PHILADELPHIA 76ERS,109
2024-03-07 02:00:00+00:00,CHICAGO BULLS,119,UTAH JAZZ,117
2024-03-07 03:00:00+00:00,MILWAUKEE BUCKS,90,GOLDEN STATE WARRIORS,125
2024-03-07 03:00:00+00:00,OKLAHOMA CITY THUNDER,128,PORTLAND TRAIL BLAZERS,120
2024-03-07 03:30:00+00:00,SACRAMENTO KINGS,130,LOS ANGELES LAKERS,120
2024-03-08 00:00:00+00:00,BROOKLYN NETS,112,DETROIT PISTONS,118
2024-03-08 00:00:00+00:00,MINNESOTA TIMBERWOLVES,113,INDIANA PACERS,111
2024-03-08 00:30:00+00:00,MIAMI HEAT,108,DALLAS MAVERICKS,114
2024-03-08 02:00:00+00:00,TORONTO RAPTORS,113,PHOENIX SUNS,120
2024-03-08 03:00:00+00:00,BOSTON CELTICS,109,DENVER NUGGETS,115
2024-03-08 03:00:00+00:00,CHICAGO BULLS,125,GOLDEN STATE WARRIORS,122
2024-03-08 03:00:00+00:00,SAN ANTONIO SPURS,129,SACRAMENTO KINGS,131
2024-03-09 00:00:00+00:00,NEW ORLEANS PELICANS,103,PHILADELPHIA 76ERS,95
2024-03-09 00:00:00+00:00,CHARLOTTE HORNETS,100,WASHINGTON WIZARDS,112
2024-03-09 00:30:00+00:00,MINNESOTA TIMBERWOLVES,104,CLEVELAND CAVALIERS,113
2024-03-09 00:30:00+00:00,ORLANDO MAGIC,74,NEW YORK KNICKS,98
2024-03-09 01:00:00+00:00,ATLANTA HAWKS,99,MEMPHIS GRIZZLIES,92
2024-03-09 01:00:00+00:00,MIAMI HEAT,100,OKLAHOMA CITY THUNDER,107
2024-03-09 03:00:00+00:00,MILWAUKEE BUCKS,122,LOS ANGELES LAKERS,123
2024-03-09 03:00:00+00:00,HOUSTON ROCKETS,123,PORTLAND TRAIL BLAZERS,107
2024-03-09 21:00:00+00:00,CHICAGO BULLS,102,LOS ANGELES CLIPPERS,112
2024-03-10 00:00:00+00:00,BROOKLYN NETS,99,CHARLOTTE HORNETS,110
2024-03-10 00:00:00+00:00,DALLAS MAVERICKS,142,DETROIT PISTONS,124
2024-03-10 01:30:00+00:00,SAN ANTONIO SPURS,126,GOLDEN STATE WARRIORS,113
2024-03-10 01:30:00+00:00,BOSTON CELTICS,117,PHOENIX SUNS,107
2024-03-10 02:00:00+00:00,UTAH JAZZ,121,DENVER NUGGETS,142
2024-03-10 03:00:00+00:00,TORONTO RAPTORS,118,PORTLAND TRAIL BLAZERS,128
2024-03-10 19:00:00+00:00,MILWAUKEE BUCKS,124,LOS ANGELES CLIPPERS,117
2024-03-10 22:00:00+00:00,NEW ORLEANS PELICANS,116,ATLANTA HAWKS,103
2024-03-10 22:00:00+00:00,WASHINGTON WIZARDS,110,MIAMI HEAT,108
2024-03-10 22:00:00+00:00,INDIANA PACERS,111,ORLANDO MAGIC,97
2024-03-10 22:00:00+00:00,HOUSTON ROCKETS,112,SACRAMENTO KINGS,104
2024-03-10 23:00:00+00:00,BROOKLYN NETS,120,CLEVELAND CAVALIERS,101
2024-03-10 23:00:00+00:00,PHILADELPHIA 76ERS,79,NEW YORK KNICKS,73
2024-03-10 23:00:00+00:00,MEMPHIS GRIZZLIES,93,OKLAHOMA CITY THUNDER,124
2024-03-11 01:30:00+00:00,MINNESOTA TIMBERWOLVES,109,LOS ANGELES LAKERS,120
2024-03-11 23:00:00+00:00,CHARLOTTE HORNETS,97,DETROIT PISTONS,114
2024-03-11 23:30:00+00:00,PHOENIX SUNS,117,CLEVELAND CAVALIERS,111
2024-03-12 00:00:00+00:00,DALLAS MAVERICKS,127,CHICAGO BULLS,92
2024-03-12 00:00:00+00:00,GOLDEN STATE WARRIORS,112,SAN ANTONIO SPURS,102
2024-03-12 01:00:00+00:00,TORONTO RAPTORS,119,DENVER NUGGETS,125
2024-03-12 02:30:00+00:00,BOSTON CELTICS,121,PORTLAND TRAIL BLAZERS,99
2024-03-12 23:30:00+00:00,PHILADELPHIA 76ERS,79,NEW YORK KNICKS,106
2024-03-13 00:00:00+00:00,WASHINGTON WIZARDS,97,MEMPHIS GRIZZLIES,109
2024-03-13 00:00:00+00:00,INDIANA PACERS,121,OKLAHOMA CITY THUNDER,111
2024-03-13 00:30:00+00:00,HOUSTON ROCKETS,103,SAN ANTONIO SPURS,101
2024-03-13 01:00:00+00:00,BOSTON CELTICS,123,UTAH JAZZ,107
2024-03-13 02:00:00+00:00,MINNESOTA TIMBERWOLVES,118,LOS ANGELES CLIPPERS,100
2024-03-13 02:00:00+00:00,MILWAUKEE BUCKS,94,SACRAMENTO KINGS,129
2024-03-13 23:00:00+00:00,TORONTO RAPTORS,104,DETROIT PISTONS,113
2024-03-13 23:00:00+00:00,BROOKLYN NETS,106,ORLANDO MAGIC,114
2024-03-13 23:30:00+00:00,CHICAGO BULLS,132,INDIANA PACERS,129
2024-03-13 23:30:00+00:00,DENVER NUGGETS,100,MIAMI HEAT,88
2024-03-14 00:00:00+00:00,CHARLOTTE HORNETS,110,MEMPHIS GRIZZLIES,98
2024-03-14 00:00:00+00:00,CLEVELAND CAVALIERS,116,NEW ORLEANS PELICANS,95
2024-03-14 00:30:00+00:00,GOLDEN STATE WARRIORS,99,DALLAS MAVERICKS,109
2024-03-14 02:00:00+00:00,ATLANTA HAWKS,102,PORTLAND TRAIL BLAZERS,106
2024-03-14 02:00:00+00:00,LOS ANGELES LAKERS,107,SACRAMENTO KINGS,120
2024-03-14 23:30:00+00:00,PHOENIX SUNS,112,BOSTON CELTICS,127
2024-03-15 00:00:00+00:00,LOS ANGELES CLIPPERS,126,CHICAGO BULLS,111
2024-03-15 00:00:00+00:00,WASHINGTON WIZARDS,119,HOUSTON ROCKETS,135
2024-03-15 00:00:00+00:00,PHILADELPHIA 76ERS,105,MILWAUKEE BUCKS,114
2024-03-15 02:00:00+00:00,DALLAS MAVERICKS,119,OKLAHOMA CITY THUNDER,126
2024-03-15 02:00:00+00:00,NEW YORK KNICKS,105,PORTLAND TRAIL BLAZERS,93
2024-03-15 23:00:00+00:00,PHOENIX SUNS,107,CHARLOTTE HORNETS,96
2024-03-15 23:00:00+00:00,MIAMI HEAT,108,DETROIT PISTONS,95
2024-03-15 23:30:00+00:00,ORLANDO MAGIC,113,TORONTO RAPTORS,103
2024-03-16 00:00:00+00:00,LOS ANGELES CLIPPERS,104,NEW ORLEANS PELICANS,112
2024-03-16 00:30:00+00:00,DENVER NUGGETS,117,SAN ANTONIO SPURS,106
2024-03-16 01:30:00+00:00,ATLANTA HAWKS,122,UTAH JAZZ,124
2024-03-16 21:00:00+00:00,CLEVELAND CAVALIERS,103,HOUSTON ROCKETS,117
2024-03-16 23:00:00+00:00,BROOKLYN NETS,100,INDIANA PACERS,121
2024-03-16 23:00:00+00:00,PORTLAND TRAIL BLAZERS,107,NEW ORLEANS PELICANS,126
2024-03-16 23:00:00+00:00,CHARLOTTE HORNETS,98,PHILADELPHIA 76ERS,109
2024-03-17 00:00:00+00:00,WASHINGTON WIZARDS,98,CHICAGO BULLS,127
2024-03-17 00:00:00+00:00,OKLAHOMA CITY THUNDER,118,MEMPHIS GRIZZLIES,112
2024-03-17 00:30:00+00:00,GOLDEN STATE WARRIORS,128,LOS ANGELES LAKERS,121
2024-03-17 01:30:00+00:00,MINNESOTA TIMBERWOLVES,119,UTAH JAZZ,100
2024-03-17 02:00:00+00:00,NEW YORK KNICKS,98,SACRAMENTO KINGS,91
2024-03-17 17:00:00+00:00,PHOENIX SUNS,129,MILWAUKEE BUCKS,140
2024-03-17 19:00:00+00:00,MIAMI HEAT,104,DETROIT PISTONS,101
2024-03-17 19:30:00+00:00,DENVER NUGGETS,105,DALLAS MAVERICKS,107
2024-03-17 22:00:00+00:00,TORONTO RAPTORS,96,ORLANDO MAGIC,111
2024-03-17 22:00:00+00:00,BOSTON CELTICS,130,WASHINGTON WIZARDS,104
2024-03-17 23:00:00+00:00,BROOKLYN NETS,115,SAN ANTONIO SPURS,122
2024-03-18 01:30:00+00:00,ATLANTA HAWKS,110,LOS ANGELES CLIPPERS,93
2024-03-18 23:00:00+00:00,CLEVELAND CAVALIERS,108,INDIANA PACERS,103
2024-03-18 23:30:00+00:00,DETROIT PISTONS,94,BOSTON CELTICS,119
2024-03-18 23:30:00+00:00,MIAMI HEAT,91,PHILADELPHIA 76ERS,98
2024-03-19 00:00:00+00:00,PORTLAND TRAIL BLAZERS,107,CHICAGO BULLS,110
2024-03-19 01:00:00+00:00,MINNESOTA TIMBERWOLVES,114,UTAH JAZZ,104
2024-03-19 02:00:00+00:00,NEW YORK KNICKS,119,GOLDEN STATE WARRIORS,112
2024-03-19 02:00:00+00:00,MEMPHIS GRIZZLIES,111,SACRAMENTO KINGS,121
2024-03-19 02:30:00+00:00,ATLANTA HAWKS,105,LOS ANGELES LAKERS,136
2024-03-19 23:00:00+00:00,CHARLOTTE HORNETS,92,ORLANDO MAGIC,112
2024-03-19 23:00:00+00:00,HOUSTON ROCKETS,137,WASHINGTON WIZARDS,114
2024-03-19 23:30:00+00:00,NEW ORLEANS PELICANS,104,BROOKLYN NETS,91
2024-03-20 00:00:00+00:00,DALLAS MAVERICKS,113,SAN ANTONIO SPURS,107
2024-03-20 01:00:00+00:00,DENVER NUGGETS,115,MINNESOTA TIMBERWOLVES,112
2024-03-20 23:00:00+00:00,MIAMI HEAT,107,CLEVELAND CAVALIERS,104
2024-03-20 23:00:00+00:00,INDIANA PACERS,122,DETROIT PISTONS,103
2024-03-20 23:30:00+00:00,MILWAUKEE BUCKS,119,BOSTON CELTICS,122
2024-03-20 23:30:00+00:00,SACRAMENTO KINGS,123,TORONTO RAPTORS,89
2024-03-21 00:00:00+00:00,UTAH JAZZ,107,OKLAHOMA CITY THUNDER,119
2024-03-21 02:00:00+00:00,MEMPHIS GRIZZLIES,116,GOLDEN STATE WARRIORS,137
2024-03-21 02:00:00+00:00,PHILADELPHIA 76ERS,102,PHOENIX SUNS,115
2024-03-21 02:00:00+00:00,LOS ANGELES CLIPPERS,116,PORTLAND TRAIL BLAZERS,103
2024-03-21 23:00:00+00:00,NEW ORLEANS PELICANS,106,ORLANDO MAGIC,121
2024-03-21 23:00:00+00:00,SACRAMENTO KINGS,102,WASHINGTON WIZARDS,109
2024-03-22 00:00:00+00:00,CHICAGO BULLS,117,HOUSTON ROCKETS,127
2024-03-22 00:00:00+00:00,BROOKLYN NETS,108,MILWAUKEE BUCKS,115
2024-03-22 00:30:00+00:00,UTAH JAZZ,97,DALLAS MAVERICKS,113
2024-03-22 01:00:00+00:00,NEW YORK KNICKS,100,DENVER NUGGETS,113
2024-03-22 02:30:00+00:00,ATLANTA HAWKS,115,PHOENIX SUNS,128
2024-03-22 23:00:00+00:00,BOSTON CELTICS,129,DETROIT PISTONS,102
2024-03-22 23:00:00+00:00,OKLAHOMA CITY THUNDER,123,TORONTO RAPTORS,103
2024-03-23 00:00:00+00:00,NEW ORLEANS PELICANS,111,MIAMI HEAT,88
2024-03-23 00:00:00+00:00,CLEVELAND CAVALIERS,91,MINNESOTA TIMBERWOLVES,104
2024-03-23 00:00:00+00:00,MEMPHIS GRIZZLIES,99,SAN ANTONIO SPURS,97
2024-03-23 02:00:00+00:00,INDIANA PACERS,123,GOLDEN STATE WARRIORS,111
2024-03-23 02:00:00+00:00,LOS ANGELES CLIPPERS,125,PORTLAND TRAIL BLAZERS,117
2024-03-23 02:30:00+00:00,PHILADELPHIA 76ERS,94,LOS ANGELES LAKERS,101
2024-03-23 17:00:00+00:00,BROOKLYN NETS,93,NEW YORK KNICKS,105
2024-03-23 23:00:00+00:00,SACRAMENTO KINGS,109,ORLANDO MAGIC,107
2024-03-23 23:30:00+00:00,CHARLOTTE HORNETS,91,ATLANTA HAWKS,132
2024-03-24 00:00:00+00:00,BOSTON CELTICS,124,CHICAGO BULLS,113
2024-03-24 00:00:00+00:00,UTAH JAZZ,119,HOUSTON ROCKETS,147
2024-03-24 00:00:00+00:00,PHOENIX SUNS,131,SAN ANTONIO SPURS,106
2024-03-24 00:00:00+00:00,TORONTO RAPTORS,109,WASHINGTON WIZARDS,112
2024-03-24 02:00:00+00:00,DENVER NUGGETS,114,PORTLAND TRAIL BLAZERS,111
2024-03-24 19:00:00+00:00,NEW ORLEANS PELICANS,114,DETROIT PISTONS,101
2024-03-24 19:30:00+00:00,PHILADELPHIA 76ERS,121,LOS ANGELES CLIPPERS,107
2024-03-24 22:00:00+00:00,CLEVELAND CAVALIERS,84,MIAMI HEAT,121
2024-03-24 23:00:00+00:00,OKLAHOMA CITY THUNDER,93,MILWAUKEE BUCKS,118
2024-03-24 23:00:00+00:00,GOLDEN STATE WARRIORS,110,MINNESOTA TIMBERWOLVES,114
2024-03-25 02:00:00+00:00,INDIANA PACERS,145,LOS ANGELES LAKERS,150
2024-03-25 23:00:00+00:00,CHARLOTTE HORNETS,92,CLEVELAND CAVALIERS,115
2024-03-25 23:30:00+00:00,BOSTON CELTICS,118,ATLANTA HAWKS,120
2024-03-25 23:30:00+00:00,DETROIT PISTONS,99,NEW YORK KNICKS,124
2024-03-25 23:30:00+00:00,BROOKLYN NETS,96,TORONTO RAPTORS,88
2024-03-26 00:00:00+00:00,WASHINGTON WIZARDS,107,CHICAGO BULLS,105
2024-03-26 00:00:00+00:00,PORTLAND TRAIL BLAZERS,92,HOUSTON ROCKETS,110
2024-03-26 00:00:00+00:00,PHOENIX SUNS,102,SAN ANTONIO SPURS,104
2024-03-26 01:00:00+00:00,MEMPHIS GRIZZLIES,103,DENVER NUGGETS,128
2024-03-26 01:00:00+00:00,DALLAS MAVERICKS,115,UTAH JAZZ,105
2024-03-26 02:00:00+00:00,PHILADELPHIA 76ERS,96,SACRAMENTO KINGS,108
2024-03-26 02:30:00+00:00,INDIANA PACERS,133,LOS ANGELES CLIPPERS,116
2024-03-26 23:30:00+00:00,GOLDEN STATE WARRIORS,113,MIAMI HEAT,92
2024-03-26 23:30:00+00:00,LOS ANGELES LAKERS,128,MILWAUKEE BUCKS,124
2024-03-27 00:00:00+00:00,OKLAHOMA CITY THUNDER,119,NEW ORLEANS PELICANS,112
2024-03-27 02:00:00+00:00,DALLAS MAVERICKS,132,SACRAMENTO KINGS,96
2024-03-27 23:00:00+00:00,CLEVELAND CAVALIERS,111,CHARLOTTE HORNETS,118
2024-03-27 23:00:00+00:00,GOLDEN STATE WARRIORS,101,ORLANDO MAGIC,93
2024-03-27 23:00:00+00:00,BROOKLYN NETS,122,WASHINGTON WIZARDS,119
2024-03-27 23:30:00+00:00,PORTLAND TRAIL BLAZERS,106,ATLANTA HAWKS,120
2024-03-27 23:30:00+00:00,LOS ANGELES CLIPPERS,108,PHILADELPHIA 76ERS,107
2024-03-27 23:30:00+00:00,NEW YORK KNICKS,145,TORONTO RAPTORS,101
2024-03-28 00:00:00+00:00,INDIANA PACERS,99,CHICAGO BULLS,125
2024-03-28 00:00:00+00:00,LOS ANGELES LAKERS,136,MEMPHIS GRIZZLIES,124
2024-03-28 00:00:00+00:00,DETROIT PISTONS,91,MINNESOTA TIMBERWOLVES,106
2024-03-28 00:00:00+00:00,HOUSTON ROCKETS,132,OKLAHOMA CITY THUNDER,126
2024-03-28 01:00:00+00:00,SAN ANTONIO SPURS,118,UTAH JAZZ,111
2024-03-28 02:00:00+00:00,PHOENIX SUNS,104,DENVER NUGGETS,97
2024-03-28 23:30:00+00:00,BOSTON CELTICS,122,ATLANTA HAWKS,123
2024-03-29 00:00:00+00:00,MILWAUKEE BUCKS,100,NEW ORLEANS PELICANS,107
2024-03-29 23:00:00+00:00,GOLDEN STATE WARRIORS,115,CHARLOTTE HORNETS,97
2024-03-29 23:00:00+00:00,LOS ANGELES LAKERS,90,INDIANA PACERS,109
2024-03-29 23:00:00+00:00,LOS ANGELES CLIPPERS,100,ORLANDO MAGIC,97
2024-03-29 23:00:00+00:00,DETROIT PISTONS,96,WASHINGTON WIZARDS,87
2024-03-29 23:30:00+00:00,CHICAGO BULLS,108,BROOKLYN NETS,125
2024-03-29 23:30:00+00:00,PHILADELPHIA 76ERS,114,CLEVELAND CAVALIERS,117
2024-03-30 00:00:00+00:00,PORTLAND TRAIL BLAZERS,82,MIAMI HEAT,142
2024-03-30 00:00:00+00:00,PHOENIX SUNS,103,OKLAHOMA CITY THUNDER,128
2024-03-30 00:00:00+00:00,NEW YORK KNICKS,126,SAN ANTONIO SPURS,130
2024-03-30 01:00:00+00:00,MINNESOTA TIMBERWOLVES,111,DENVER NUGGETS,98
2024-03-30 01:30:00+00:00,HOUSTON ROCKETS,101,UTAH JAZZ,100
2024-03-30 02:00:00+00:00,DALLAS MAVERICKS,107,SACRAMENTO KINGS,103
2024-03-30 21:00:00+00:00,BOSTON CELTICS,104,NEW ORLEANS PELICANS,92
2024-03-30 23:00:00+00:00,MEMPHIS GRIZZLIES,88,ORLANDO MAGIC,118
2024-03-30 23:30:00+00:00,MILWAUKEE BUCKS,122,ATLANTA HAWKS,113
2024-03-31 19:30:00+00:00,CLEVELAND CAVALIERS,101,DENVER NUGGETS,130
2024-03-31 22:00:00+00:00,LOS ANGELES LAKERS,116,BROOKLYN NETS,104
2024-03-31 22:00:00+00:00,LOS ANGELES CLIPPERS,130,CHARLOTTE HORNETS,118
2024-03-31 22:00:00+00:00,PHILADELPHIA 76ERS,135,TORONTO RAPTORS,120
2024-03-31 22:00:00+00:00,MIAMI HEAT,119,WASHINGTON WIZARDS,107
2024-03-31 23:00:00+00:00,DALLAS MAVERICKS,125,HOUSTON ROCKETS,107
2024-03-31 23:00:00+00:00,CHICAGO BULLS,109,MINNESOTA TIMBERWOLVES,101
2024-03-31 23:00:00+00:00,OKLAHOMA CITY THUNDER,113,NEW YORK KNICKS,112
2024-03-31 23:00:00+00:00,GOLDEN STATE WARRIORS,117,SAN ANTONIO SPURS,113
2024-04-01 01:00:00+00:00,UTAH JAZZ,106,SACRAMENTO KINGS,127
2024-04-01 23:00:00+00:00,BOSTON CELTICS,118,CHARLOTTE HORNETS,104
2024-04-01 23:00:00+00:00,MEMPHIS GRIZZLIES,110,DETROIT PISTONS,108
2024-04-01 23:00:00+00:00,BROOKLYN NETS,111,INDIANA PACERS,133
2024-04-01 23:00:00+00:00,PORTLAND TRAIL BLAZERS,103,ORLANDO MAGIC,104
2024-04-02 00:00:00+00:00,ATLANTA HAWKS,113,CHICAGO BULLS,101
2024-04-02 00:00:00+00:00,PHOENIX SUNS,124,NEW ORLEANS PELICANS,111
2024-04-02 23:00:00+00:00,LOS ANGELES LAKERS,128,TORONTO RAPTORS,111
2024-04-02 23:00:00+00:00,MILWAUKEE BUCKS,113,WASHINGTON WIZARDS,117
2024-04-02 23:30:00+00:00,NEW YORK KNICKS,99,MIAMI HEAT,109
2024-04-02 23:30:00+00:00,OKLAHOMA CITY THUNDER,105,PHILADELPHIA 76ERS,109
2024-04-03 00:00:00+00:00,HOUSTON ROCKETS,106,MINNESOTA TIMBERWOLVES,113
2024-04-03 01:00:00+00:00,SAN ANTONIO SPURS,105,DENVER NUGGETS,110
2024-04-03 01:00:00+00:00,CLEVELAND CAVALIERS,129,UTAH JAZZ,113
2024-04-03 02:00:00+00:00,DALLAS MAVERICKS,100,GOLDEN STATE WARRIORS,104
2024-04-03 02:00:00+00:00,LOS ANGELES CLIPPERS,95,SACRAMENTO KINGS,109
2024-04-03 23:00:00+00:00,PORTLAND TRAIL BLAZERS,89,CHARLOTTE HORNETS,86
2024-04-03 23:00:00+00:00,LOS ANGELES LAKERS,125,WASHINGTON WIZARDS,120
2024-04-03 23:30:00+00:00,DETROIT PISTONS,113,ATLANTA HAWKS,121
2024-04-03 23:30:00+00:00,OKLAHOMA CITY THUNDER,100,BOSTON CELTICS,135
2024-04-03 23:30:00+00:00,INDIANA PACERS,111,BROOKLYN NETS,115
2024-04-04 00:00:00+00:00,MEMPHIS GRIZZLIES,111,MILWAUKEE BUCKS,101
2024-04-04 00:00:00+00:00,TORONTO RAPTORS,85,MINNESOTA TIMBERWOLVES,133
2024-04-04 00:00:00+00:00,ORLANDO MAGIC,117,NEW ORLEANS PELICANS,108
2024-04-04 02:00:00+00:00,CLEVELAND CAVALIERS,101,PHOENIX SUNS,122
2024-04-04 23:30:00+00:00,ATLANTA HAWKS,95,DALLAS MAVERICKS,109
2024-04-04 23:30:00+00:00,PHILADELPHIA 76ERS,109,MIAMI HEAT,105
2024-04-04 23:30:00+00:00,SACRAMENTO KINGS,109,NEW YORK KNICKS,120
2024-04-05 00:00:00+00:00,GOLDEN STATE WARRIORS,133,HOUSTON ROCKETS,110
2024-04-05 02:00:00+00:00,DENVER NUGGETS,100,LOS ANGELES CLIPPERS,102
2024-04-05 23:00:00+00:00,ORLANDO MAGIC,115,CHARLOTTE HORNETS,124
2024-04-05 23:00:00+00:00,OKLAHOMA CITY THUNDER,112,INDIANA PACERS,126
2024-04-05 23:00:00+00:00,PORTLAND TRAIL BLAZERS,108,WASHINGTON WIZARDS,102
2024-04-05 23:30:00+00:00,SACRAMENTO KINGS,100,BOSTON CELTICS,101
2024-04-06 00:00:00+00:00,NEW YORK KNICKS,100,CHICAGO BULLS,108
2024-04-06 00:00:00+00:00,MIAMI HEAT,119,HOUSTON ROCKETS,104
2024-04-06 00:00:00+00:00,DETROIT PISTONS,90,MEMPHIS GRIZZLIES,108
2024-04-06 00:00:00+00:00,TORONTO RAPTORS,117,MILWAUKEE BUCKS,111
2024-04-06 00:00:00+00:00,SAN ANTONIO SPURS,111,NEW ORLEANS PELICANS,109
2024-04-06 00:30:00+00:00,GOLDEN STATE WARRIORS,106,DALLAS MAVERICKS,108
2024-04-06 02:00:00+00:00,MINNESOTA TIMBERWOLVES,87,PHOENIX SUNS,97
2024-04-06 02:30:00+00:00,UTAH JAZZ,102,LOS ANGELES CLIPPERS,131
2024-04-06 19:30:00+00:00,CLEVELAND CAVALIERS,97,LOS ANGELES LAKERS,116
2024-04-06 23:00:00+00:00,DETROIT PISTONS,103,BROOKLYN NETS,113
2024-04-07 00:00:00+00:00,PHILADELPHIA 76ERS,116,MEMPHIS GRIZZLIES,96
2024-04-07 01:00:00+00:00,ATLANTA HAWKS,110,DENVER NUGGETS,142
2024-04-07 19:30:00+00:00,HOUSTON ROCKETS,136,DALLAS MAVERICKS,147
2024-04-07 19:30:00+00:00,CLEVELAND CAVALIERS,118,LOS ANGELES CLIPPERS,120
2024-04-07 21:00:00+00:00,MIAMI HEAT,115,INDIANA PACERS,117
2024-04-07 22:00:00+00:00,PORTLAND TRAIL BLAZERS,107,BOSTON CELTICS,124
2024-04-07 22:00:00+00:00,OKLAHOMA CITY THUNDER,121,CHARLOTTE HORNETS,118
2024-04-07 22:00:00+00:00,CHICAGO BULLS,98,ORLANDO MAGIC,113
2024-04-07 22:00:00+00:00,NEW ORLEANS PELICANS,113,PHOENIX SUNS,105
2024-04-07 22:00:00+00:00,WASHINGTON WIZARDS,122,TORONTO RAPTORS,130
2024-04-07 23:00:00+00:00,NEW YORK KNICKS,122,MILWAUKEE BUCKS,109
2024-04-07 23:00:00+00:00,PHILADELPHIA 76ERS,133,SAN ANTONIO SPURS,126
2024-04-07 23:30:00+00:00,SACRAMENTO KINGS,107,BROOKLYN NETS,77
2024-04-08 00:30:00+00:00,UTAH JAZZ,110,GOLDEN STATE WARRIORS,118
2024-04-08 02:00:00+00:00,MINNESOTA TIMBERWOLVES,127,LOS ANGELES LAKERS,117
2024-04-09 23:00:00+00:00,DALLAS MAVERICKS,130,CHARLOTTE HORNETS,104
2024-04-09 23:00:00+00:00,DETROIT PISTONS,102,PHILADELPHIA 76ERS,120
2024-04-09 23:00:00+00:00,INDIANA PACERS,140,TORONTO RAPTORS,123
2024-04-09 23:30:00+00:00,MIAMI HEAT,117,ATLANTA HAWKS,111
2024-04-09 23:30:00+00:00,BOSTON CELTICS,91,MILWAUKEE BUCKS,104
2024-04-10 00:00:00+00:00,NEW YORK KNICKS,128,CHICAGO BULLS,117
2024-04-10 00:00:00+00:00,ORLANDO MAGIC,106,HOUSTON ROCKETS,118
2024-04-10 00:00:00+00:00,SAN ANTONIO SPURS,102,MEMPHIS GRIZZLIES,87
2024-04-10 00:00:00+00:00,WASHINGTON WIZARDS,121,MINNESOTA TIMBERWOLVES,130
2024-04-10 00:00:00+00:00,SACRAMENTO KINGS,105,OKLAHOMA CITY THUNDER,112
2024-04-10 01:00:00+00:00,DENVER NUGGETS,111,UTAH JAZZ,95
2024-04-10 02:00:00+00:00,GOLDEN STATE WARRIORS,134,LOS ANGELES LAKERS,120
2024-04-10 02:00:00+00:00,LOS ANGELES CLIPPERS,105,PHOENIX SUNS,92
2024-04-10 02:00:00+00:00,NEW ORLEANS PELICANS,110,PORTLAND TRAIL BLAZERS,100
2024-04-10 23:00:00+00:00,MEMPHIS GRIZZLIES,98,CLEVELAND CAVALIERS,110
2024-04-10 23:30:00+00:00,CHARLOTTE HORNETS,115,ATLANTA HAWKS,114
2024-04-10 23:30:00+00:00,TORONTO RAPTORS,102,BROOKLYN NETS,106
2024-04-10 23:30:00+00:00,DALLAS MAVERICKS,111,MIAMI HEAT,92
2024-04-11 00:00:00+00:00,ORLANDO MAGIC,99,MILWAUKEE BUCKS,117
2024-04-11 00:00:00+00:00,SAN ANTONIO SPURS,89,OKLAHOMA CITY THUNDER,127
2024-04-11 02:00:00+00:00,MINNESOTA TIMBERWOLVES,107,DENVER NUGGETS,116
2024-04-11 02:30:00+00:00,PHOENIX SUNS,124,LOS ANGELES CLIPPERS,108
2024-04-11 23:00:00+00:00,CHICAGO BULLS,127,DETROIT PISTONS,105
2024-04-11 23:30:00+00:00,NEW YORK KNICKS,118,BOSTON CELTICS,109
2024-04-12 01:00:00+00:00,HOUSTON ROCKETS,121,UTAH JAZZ,124
2024-04-12 02:00:00+00:00,GOLDEN STATE WARRIORS,100,PORTLAND TRAIL BLAZERS,92
2024-04-12 02:00:00+00:00,NEW ORLEANS PELICANS,135,SACRAMENTO KINGS,123
2024-04-12 23:00:00+00:00,ORLANDO MAGIC,113,PHILADELPHIA 76ERS,125
2024-04-12 23:00:00+00:00,CHICAGO BULLS,129,WASHINGTON WIZARDS,127
2024-04-12 23:30:00+00:00,CHARLOTTE HORNETS,98,BOSTON CELTICS,131
2024-04-12 23:30:00+00:00,INDIANA PACERS,120,CLEVELAND CAVALIERS,129
2024-04-12 23:30:00+00:00,BROOKLYN NETS,107,NEW YORK KNICKS,111
2024-04-13 00:00:00+00:00,LOS ANGELES LAKERS,123,MEMPHIS GRIZZLIES,120
2024-04-13 00:00:00+00:00,TORONTO RAPTORS,103,MIAMI HEAT,125
2024-04-13 00:00:00+00:00,ATLANTA HAWKS,106,MINNESOTA TIMBERWOLVES,109
2024-04-13 00:00:00+00:00,MILWAUKEE BUCKS,107,OKLAHOMA CITY THUNDER,125
2024-04-13 00:00:00+00:00,DENVER NUGGETS,120,SAN ANTONIO SPURS,121
2024-04-13 00:30:00+00:00,DETROIT PISTONS,107,DALLAS MAVERICKS,89
2024-04-13 02:00:00+00:00,NEW ORLEANS PELICANS,114,GOLDEN STATE WARRIORS,109
2024-04-13 02:00:00+00:00,HOUSTON ROCKETS,116,PORTLAND TRAIL BLAZERS,107
2024-04-13 02:30:00+00:00,UTAH JAZZ,110,LOS ANGELES CLIPPERS,109
2024-04-13 02:30:00+00:00,PHOENIX SUNS,108,SACRAMENTO KINGS,107
2024-04-14 17:00:00+00:00,WASHINGTON WIZARDS,122,BOSTON CELTICS,132
2024-04-14 17:00:00+00:00,CHARLOTTE HORNETS,120,CLEVELAND CAVALIERS,110
2024-04-14 17:00:00+00:00,ATLANTA HAWKS,115,INDIANA PACERS,157
2024-04-14 17:00:00+00:00,TORONTO RAPTORS,103,MIAMI HEAT,118
2024-04-14 17:00:00+00:00,CHICAGO BULLS,119,NEW YORK KNICKS,120
2024-04-14 17:00:00+00:00,MILWAUKEE BUCKS,88,ORLANDO MAGIC,113
2024-04-14 17:00:00+00:00,BROOKLYN NETS,86,PHILADELPHIA 76ERS,107
2024-04-14 19:30:00+00:00,UTAH JAZZ,116,GOLDEN STATE WARRIORS,123
2024-04-14 19:30:00+00:00,HOUSTON ROCKETS,116,LOS ANGELES CLIPPERS,105
2024-04-14 19:30:00+00:00,DENVER NUGGETS,126,MEMPHIS GRIZZLIES,111
2024-04-14 19:30:00+00:00,PHOENIX SUNS,125,MINNESOTA TIMBERWOLVES,106
2024-04-14 19:30:00+00:00,LOS ANGELES LAKERS,124,NEW ORLEANS PELICANS,108
2024-04-14 19:30:00+00:00,DALLAS MAVERICKS,86,OKLAHOMA CITY THUNDER,135
2024-04-14 19:30:00+00:00,PORTLAND TRAIL BLAZERS,82,SACRAMENTO KINGS,121
2024-04-14 19:30:00+00:00,DETROIT PISTONS,95,SAN ANTONIO SPURS,123
2024-04-16 23:30:00+00:00,LOS ANGELES LAKERS,110,NEW ORLEANS PELICANS,106
2024-04-17 02:00:00+00:00,GOLDEN STATE WARRIORS,94,SACRAMENTO KINGS,118
2024-04-17 23:00:00+00:00,MIAMI HEAT,104,PHILADELPHIA 76ERS,105
2024-04-18 01:30:00+00:00,ATLANTA HAWKS,116,CHICAGO BULLS,131
2024-04-19 23:00:00+00:00,CHICAGO BULLS,91,MIAMI HEAT,112
2024-04-20 01:30:00+00:00,SACRAMENTO KINGS,98,NEW ORLEANS PELICANS,105
2024-04-20 17:00:00+00:00,ORLANDO MAGIC,83,CLEVELAND CAVALIERS,97
2024-04-20 19:30:00+00:00,PHOENIX SUNS,95,MINNESOTA TIMBERWOLVES,120
2024-04-20 22:00:00+00:00,PHILADELPHIA 76ERS,104,NEW YORK KNICKS,111
2024-04-21 00:30:00+00:00,LOS ANGELES LAKERS,103,DENVER NUGGETS,114
2024-04-21 17:00:00+00:00,MIAMI HEAT,94,BOSTON CELTICS,114
2024-04-21 19:30:00+00:00,DALLAS MAVERICKS,97,LOS ANGELES CLIPPERS,109
2024-04-21 23:00:00+00:00,INDIANA PACERS,94,MILWAUKEE BUCKS,109
2024-04-22 01:30:00+00:00,NEW ORLEANS PELICANS,92,OKLAHOMA CITY THUNDER,94
2024-04-22 23:00:00+00:00,ORLANDO MAGIC,86,CLEVELAND CAVALIERS,96
2024-04-22 23:30:00+00:00,PHILADELPHIA 76ERS,101,NEW YORK KNICKS,104
2024-04-23 02:00:00+00:00,LOS ANGELES LAKERS,99,DENVER NUGGETS,101
2024-04-23 23:30:00+00:00,PHOENIX SUNS,93,MINNESOTA TIMBERWOLVES,105
2024-04-24 00:30:00+00:00,INDIANA PACERS,125,MILWAUKEE BUCKS,108
2024-04-24 02:00:00+00:00,DALLAS MAVERICKS,96,LOS ANGELES CLIPPERS,93
2024-04-24 23:00:00+00:00,MIAMI HEAT,111,BOSTON CELTICS,101
2024-04-25 01:30:00+00:00,NEW ORLEANS PELICANS,92,OKLAHOMA CITY THUNDER,124
2024-04-25 23:00:00+00:00,CLEVELAND CAVALIERS,83,ORLANDO MAGIC,121
2024-04-25 23:30:00+00:00,NEW YORK KNICKS,114,PHILADELPHIA 76ERS,125
2024-04-26 02:00:00+00:00,DENVER NUGGETS,112,LOS ANGELES LAKERS,105
2024-04-26 21:30:00+00:00,MILWAUKEE BUCKS,118,INDIANA PACERS,121
2024-04-27 00:00:00+00:00,LOS ANGELES CLIPPERS,90,DALLAS MAVERICKS,101
2024-04-27 02:30:00+00:00,MINNESOTA TIMBERWOLVES,126,PHOENIX SUNS,109
2024-04-27 17:00:00+00:00,CLEVELAND CAVALIERS,89,ORLANDO MAGIC,112
2024-04-27 19:30:00+00:00,OKLAHOMA CITY THUNDER,106,NEW ORLEANS PELICANS,85
2024-04-27 22:00:00+00:00,BOSTON CELTICS,104,MIAMI HEAT,84
2024-04-28 00:30:00+00:00,DENVER NUGGETS,108,LOS ANGELES LAKERS,119
2024-04-28 17:00:00+00:00,NEW YORK KNICKS,97,PHILADELPHIA 76ERS,92
2024-04-28 19:30:00+00:00,LOS ANGELES CLIPPERS,116,DALLAS MAVERICKS,111
2024-04-28 23:00:00+00:00,MILWAUKEE BUCKS,113,INDIANA PACERS,126
2024-04-29 01:30:00+00:00,MINNESOTA TIMBERWOLVES,122,PHOENIX SUNS,116
2024-04-29 23:30:00+00:00,BOSTON CELTICS,102,MIAMI HEAT,88
2024-04-30 00:30:00+00:00,OKLAHOMA CITY THUNDER,97,NEW ORLEANS PELICANS,89
2024-04-30 02:00:00+00:00,LOS ANGELES LAKERS,106,DENVER NUGGETS,108
2024-04-30 23:00:00+00:00,PHILADELPHIA 76ERS,112,NEW YORK KNICKS,106
2024-05-01 00:00:00+00:00,ORLANDO MAGIC,103,CLEVELAND CAVALIERS,104
2024-05-01 01:30:00+00:00,INDIANA PACERS,92,MILWAUKEE BUCKS,115
2024-05-01 23:30:00+00:00,MIAMI HEAT,84,BOSTON CELTICS,118
2024-05-02 02:00:00+00:00,DALLAS MAVERICKS,123,LOS ANGELES CLIPPERS,93
2024-05-02 22:30:00+00:00,MILWAUKEE BUCKS,98,INDIANA PACERS,120
2024-05-03 01:00:00+00:00,NEW YORK KNICKS,118,PHILADELPHIA 76ERS,115
2024-05-03 23:00:00+00:00,CLEVELAND CAVALIERS,96,ORLANDO MAGIC,103
2024-05-04 01:30:00+00:00,LOS ANGELES CLIPPERS,101,DALLAS MAVERICKS,114
2024-05-04 23:00:00+00:00,MINNESOTA TIMBERWOLVES,106,DENVER NUGGETS,99
2024-05-05 17:00:00+00:00,ORLANDO MAGIC,94,CLEVELAND CAVALIERS,106
2024-05-06 23:30:00+00:00,INDIANA PACERS,117,NEW YORK KNICKS,121
2024-05-07 02:00:00+00:00,MINNESOTA TIMBERWOLVES,106,DENVER NUGGETS,80
2024-05-07 23:00:00+00:00,CLEVELAND CAVALIERS,95,BOSTON CELTICS,120
2024-05-08 01:30:00+00:00,DALLAS MAVERICKS,95,OKLAHOMA CITY THUNDER,117
2024-05-09 00:00:00+00:00,INDIANA PACERS,121,NEW YORK KNICKS,130
2024-05-09 23:00:00+00:00,CLEVELAND CAVALIERS,118,BOSTON CELTICS,94
2024-05-10 01:30:00+00:00,DALLAS MAVERICKS,119,OKLAHOMA CITY THUNDER,110
2024-05-10 23:00:00+00:00,NEW YORK KNICKS,106,INDIANA PACERS,111
2024-05-11 01:30:00+00:00,DENVER NUGGETS,117,MINNESOTA TIMBERWOLVES,90
2024-05-11 19:30:00+00:00,OKLAHOMA CITY THUNDER,101,DALLAS MAVERICKS,105
2024-05-12 00:30:00+00:00,BOSTON CELTICS,106,CLEVELAND CAVALIERS,93
2024-05-12 19:30:00+00:00,NEW YORK KNICKS,89,INDIANA PACERS,121
2024-05-13 00:00:00+00:00,DENVER NUGGETS,115,MINNESOTA TIMBERWOLVES,107
2024-05-13 23:00:00+00:00,BOSTON CELTICS,109,CLEVELAND CAVALIERS,102
2024-05-14 01:30:00+00:00,OKLAHOMA CITY THUNDER,100,DALLAS MAVERICKS,96
2024-05-15 00:00:00+00:00,INDIANA PACERS,91,NEW YORK KNICKS,121
2024-05-15 02:30:00+00:00,MINNESOTA TIMBERWOLVES,97,DENVER NUGGETS,112
2024-05-15 23:00:00+00:00,CLEVELAND CAVALIERS,98,BOSTON CELTICS,113
2024-05-16 01:30:00+00:00,DALLAS MAVERICKS,104,OKLAHOMA CITY THUNDER,92
2024-05-17 00:30:00+00:00,DENVER NUGGETS,70,MINNESOTA TIMBERWOLVES,115
2024-05-18 00:30:00+00:00,NEW YORK KNICKS,103,INDIANA PACERS,116
2024-05-19 00:00:00+00:00,OKLAHOMA CITY THUNDER,116,DALLAS MAVERICKS,117
2024-05-19 19:30:00+00:00,INDIANA PACERS,130,NEW YORK KNICKS,109
2024-05-20 00:00:00+00:00,MINNESOTA TIMBERWOLVES,98,DENVER NUGGETS,90
2024-05-22 00:00:00+00:00,INDIANA PACERS,128,BOSTON CELTICS,133
2024-05-23 00:30:00+00:00,DALLAS MAVERICKS,108,MINNESOTA TIMBERWOLVES,105
2024-05-24 00:00:00+00:00,INDIANA PACERS,110,BOSTON CELTICS,126
2024-05-25 00:30:00+00:00,DALLAS MAVERICKS,109,MINNESOTA TIMBERWOLVES,108
2024-05-26 00:30:00+00:00,BOSTON CELTICS,114,INDIANA PACERS,111
2024-05-27 00:00:00+00:00,MINNESOTA TIMBERWOLVES,107,DALLAS MAVERICKS,116
2024-05-28 00:00:00+00:00,BOSTON CELTICS,105,INDIANA PACERS,102
2024-05-29 00:30:00+00:00,MINNESOTA TIMBERWOLVES,105,DALLAS MAVERICKS,100
2024-05-31 00:30:00+00:00,DALLAS MAVERICKS,124,MINNESOTA TIMBERWOLVES,103
2024-06-07 00:30:00+00:00,DALLAS MAVERICKS,89,BOSTON CELTICS,107
2024-06-10 00:00:00+00:00,DALLAS MAVERICKS,98,BOSTON CELTICS,105
2024-06-13 00:30:00+00:00,BOSTON CELTICS,106,DALLAS MAVERICKS,99
2024-06-15 00:30:00+00:00,BOSTON CELTICS,84,DALLAS MAVERICKS,122
2024-06-18 00:30:00+00:00,DALLAS MAVERICKS,88,BOSTON CELTICS,106
